,Borough,Neighborhood,Type of home,Number of sales,Lowest sale price,Average sale price,Median sale price,Highest sale price
0,Manhattan,ALPHABET CITY            ,03 THREE FAMILY HOMES   ,1,7738700,7738700,7738700,7738700
1,Manhattan,CHELSEA                  ,01 ONE FAMILY HOMES     ,2,7425000,10212500,10212500,13000000
2,Manhattan,CHELSEA                  ,02 TWO FAMILY HOMES     ,1,6109000,6109000,6109000,6109000
3,Manhattan,CHELSEA                  ,03 THREE FAMILY HOMES   ,2,7250000,7300000,7300000,7350000
4,Manhattan,EAST VILLAGE             ,02 TWO FAMILY HOMES     ,1,6900000,6900000,6900000,6900000
5,Manhattan,EAST VILLAGE             ,03 THREE FAMILY HOMES   ,1,7920400,7920400,7920400,7920400
6,Manhattan,GRAMERCY                 ,02 TWO FAMILY HOMES     ,2,2225000,4787500,4787500,7350000
7,Manhattan,GREENWICH VILLAGE-CENTRAL,01 ONE FAMILY HOMES     ,6,9999999,17100000,16575000,26000000
8,Manhattan,GREENWICH VILLAGE-WEST   ,01 ONE FAMILY HOMES     ,10,1375000,10275000,8100000,27500000
9,Manhattan,GREENWICH VILLAGE-WEST   ,02 TWO FAMILY HOMES     ,6,820000,6729667,6734000,11750000
10,Manhattan,GREENWICH VILLAGE-WEST   ,03 THREE FAMILY HOMES   ,3,6225000,8975000,6850000,13850000
11,Manhattan,HARLEM-CENTRAL           ,01 ONE FAMILY HOMES     ,10,1000000,2177500,2180000,3300000
12,Manhattan,HARLEM-CENTRAL           ,02 TWO FAMILY HOMES     ,23,500000,2094348,2010000,3600000
13,Manhattan,HARLEM-CENTRAL           ,03 THREE FAMILY HOMES   ,16,875000,2472344,2675000,3780000
14,Manhattan,HARLEM-EAST              ,01 ONE FAMILY HOMES     ,1,2250000,2250000,2250000,2250000
15,Manhattan,HARLEM-EAST              ,02 TWO FAMILY HOMES     ,2,850000,1497500,1497500,2145000
16,Manhattan,HARLEM-EAST              ,03 THREE FAMILY HOMES   ,4,600000,1687500,2025000,2100000
17,Manhattan,HARLEM-UPPER             ,01 ONE FAMILY HOMES     ,5,950000,2339000,2350000,3395000
18,Manhattan,HARLEM-UPPER             ,02 TWO FAMILY HOMES     ,10,661862,1750636,1800000,2600000
19,Manhattan,HARLEM-UPPER             ,03 THREE FAMILY HOMES   ,5,1950000,2245000,2150000,2650000
20,Manhattan,HARLEM-WEST              ,01 ONE FAMILY HOMES     ,1,2260000,2260000,2260000,2260000
21,Manhattan,HARLEM-WEST              ,02 TWO FAMILY HOMES     ,1,1512500,1512500,1512500,1512500
22,Manhattan,HARLEM-WEST              ,03 THREE FAMILY HOMES   ,2,489459,767094,767094,1044729
23,Manhattan,INWOOD                   ,01 ONE FAMILY HOMES     ,3,307242,475747,470000,650000
24,Manhattan,INWOOD                   ,02 TWO FAMILY HOMES     ,2,685000,762500,762500,840000
25,Manhattan,KIPS BAY                 ,02 TWO FAMILY HOMES     ,3,3125000,3875000,3900000,4600000
26,Manhattan,LITTLE ITALY             ,01 ONE FAMILY HOMES     ,1,9700000,9700000,9700000,9700000
27,Manhattan,MANHATTAN VALLEY         ,01 ONE FAMILY HOMES     ,1,4455000,4455000,4455000,4455000
28,Manhattan,MANHATTAN VALLEY         ,02 TWO FAMILY HOMES     ,2,3100000,4225000,4225000,5350000
29,Manhattan,MIDTOWN EAST             ,01 ONE FAMILY HOMES     ,2,5200000,6482500,6482500,7765000
30,Manhattan,MIDTOWN EAST             ,02 TWO FAMILY HOMES     ,1,4875000,4875000,4875000,4875000
31,Manhattan,MIDTOWN EAST             ,03 THREE FAMILY HOMES   ,1,5700000,5700000,5700000,5700000
32,Manhattan,MURRAY HILL              ,01 ONE FAMILY HOMES     ,3,2765000,2913333,2875000,3100000
33,Manhattan,SOHO                     ,01 ONE FAMILY HOMES     ,4,8233333,9564694,8546054,12933334
34,Manhattan,SOHO                     ,02 TWO FAMILY HOMES     ,1,4750000,4750000,4750000,4750000
35,Manhattan,TRIBECA                  ,02 TWO FAMILY HOMES     ,1,12000000,12000000,12000000,12000000
36,Manhattan,UPPER EAST SIDE (59-79)  ,01 ONE FAMILY HOMES     ,13,2250000,9655192,8450000,20400000
37,Manhattan,UPPER EAST SIDE (59-79)  ,02 TWO FAMILY HOMES     ,9,3850000,10466111,10500000,19700000
38,Manhattan,UPPER EAST SIDE (79-96)  ,01 ONE FAMILY HOMES     ,17,1355989,10686314,8950000,28000000
39,Manhattan,UPPER EAST SIDE (79-96)  ,02 TWO FAMILY HOMES     ,9,5600000,8008248,8059218,10000000
40,Manhattan,UPPER EAST SIDE (79-96)  ,03 THREE FAMILY HOMES   ,3,6000000,6431667,6400000,6895000
41,Manhattan,UPPER WEST SIDE (59-79)  ,01 ONE FAMILY HOMES     ,2,7075000,9787500,9787500,12500000
42,Manhattan,UPPER WEST SIDE (59-79)  ,02 TWO FAMILY HOMES     ,1,7850000,7850000,7850000,7850000
43,Manhattan,UPPER WEST SIDE (79-96)  ,01 ONE FAMILY HOMES     ,8,5100000,7706798,7570000,9995000
44,Manhattan,UPPER WEST SIDE (79-96)  ,02 TWO FAMILY HOMES     ,8,561741,5835843,6187500,9500000
45,Manhattan,UPPER WEST SIDE (96-116) ,02 TWO FAMILY HOMES     ,2,6225000,6737500,6737500,7250000
46,Manhattan,WASHINGTON HEIGHTS LOWER ,02 TWO FAMILY HOMES     ,2,250000,871250,871250,1492500
0,Brooklyn,BATH BEACH               ,01 ONE FAMILY HOMES     ,23,638000,829261,829000,1090000
1,Brooklyn,BATH BEACH               ,02 TWO FAMILY HOMES     ,58,340000,947047,917500,1900000
2,Brooklyn,BATH BEACH               ,03 THREE FAMILY HOMES   ,30,400000,1295518,1242500,2050000
3,Brooklyn,BAY RIDGE                ,01 ONE FAMILY HOMES     ,115,234000,1059167,950000,2930000
4,Brooklyn,BAY RIDGE                ,02 TWO FAMILY HOMES     ,125,250000,1098791,1099000,2150000
5,Brooklyn,BAY RIDGE                ,03 THREE FAMILY HOMES   ,9,988000,1325056,1300000,2000000
6,Brooklyn,BEDFORD STUYVESANT       ,01 ONE FAMILY HOMES     ,44,270000,882653,780000,1850000
7,Brooklyn,BEDFORD STUYVESANT       ,02 TWO FAMILY HOMES     ,273,235513,1154184,1070000,2750000
8,Brooklyn,BEDFORD STUYVESANT       ,03 THREE FAMILY HOMES   ,146,200000,1272540,1262500,2800000
9,Brooklyn,BENSONHURST              ,01 ONE FAMILY HOMES     ,50,242500,826114,847500,1350000
10,Brooklyn,BENSONHURST              ,02 TWO FAMILY HOMES     ,151,200000,1060748,990000,3955000
11,Brooklyn,BENSONHURST              ,03 THREE FAMILY HOMES   ,40,250000,1174300,1184000,1800000
12,Brooklyn,BERGEN BEACH             ,01 ONE FAMILY HOMES     ,40,330000,639750,636750,1175000
13,Brooklyn,BERGEN BEACH             ,02 TWO FAMILY HOMES     ,14,250000,665286,722500,850000
14,Brooklyn,BERGEN BEACH             ,03 THREE FAMILY HOMES   ,15,640000,724720,720000,875000
15,Brooklyn,BOERUM HILL              ,01 ONE FAMILY HOMES     ,9,997885,3178098,3350000,5000000
16,Brooklyn,BOERUM HILL              ,02 TWO FAMILY HOMES     ,20,1700000,3431300,2725000,13600000
17,Brooklyn,BOERUM HILL              ,03 THREE FAMILY HOMES   ,4,1249951,2597488,2920000,3300000
18,Brooklyn,BOROUGH PARK             ,01 ONE FAMILY HOMES     ,60,350000,1021691,937500,3000000
19,Brooklyn,BOROUGH PARK             ,02 TWO FAMILY HOMES     ,186,285700,1193939,1100000,5000000
20,Brooklyn,BOROUGH PARK             ,03 THREE FAMILY HOMES   ,70,395000,1384872,1382500,2705000
21,Brooklyn,BRIGHTON BEACH           ,01 ONE FAMILY HOMES     ,12,271799,534650,450000,1600000
22,Brooklyn,BRIGHTON BEACH           ,02 TWO FAMILY HOMES     ,18,350000,656323,673750,865000
23,Brooklyn,BRIGHTON BEACH           ,03 THREE FAMILY HOMES   ,9,350000,646156,680000,855000
24,Brooklyn,BROOKLYN HEIGHTS         ,01 ONE FAMILY HOMES     ,4,2350000,4712500,4250000,8000000
25,Brooklyn,BROOKLYN HEIGHTS         ,02 TWO FAMILY HOMES     ,6,3900000,6391667,6875000,9400000
26,Brooklyn,BROOKLYN HEIGHTS         ,03 THREE FAMILY HOMES   ,1,3200000,3200000,3200000,3200000
27,Brooklyn,BROWNSVILLE              ,01 ONE FAMILY HOMES     ,33,224705,340721,350000,588000
28,Brooklyn,BROWNSVILLE              ,02 TWO FAMILY HOMES     ,46,230000,551159,557900,1175000
29,Brooklyn,BROWNSVILLE              ,03 THREE FAMILY HOMES   ,10,228500,522185,560000,775000
30,Brooklyn,BUSH TERMINAL            ,01 ONE FAMILY HOMES     ,1,925000,925000,925000,925000
31,Brooklyn,BUSH TERMINAL            ,02 TWO FAMILY HOMES     ,15,450000,863867,880000,1175000
32,Brooklyn,BUSH TERMINAL            ,03 THREE FAMILY HOMES   ,5,409000,906200,900000,1745000
33,Brooklyn,BUSHWICK                 ,01 ONE FAMILY HOMES     ,20,340000,1004700,985000,2000000
34,Brooklyn,BUSHWICK                 ,02 TWO FAMILY HOMES     ,193,200000,929514,900000,2450000
35,Brooklyn,BUSHWICK                 ,03 THREE FAMILY HOMES   ,68,205000,972828,990000,1730000
36,Brooklyn,CANARSIE                 ,01 ONE FAMILY HOMES     ,86,200000,418834,426000,685000
37,Brooklyn,CANARSIE                 ,02 TWO FAMILY HOMES     ,218,200000,533015,515000,8150000
38,Brooklyn,CANARSIE                 ,03 THREE FAMILY HOMES   ,25,207215,556411,598000,699000
39,Brooklyn,CARROLL GARDENS          ,01 ONE FAMILY HOMES     ,4,2099000,2874750,2600000,4200000
40,Brooklyn,CARROLL GARDENS          ,02 TWO FAMILY HOMES     ,17,850000,2636618,2500000,4775000
41,Brooklyn,CARROLL GARDENS          ,03 THREE FAMILY HOMES   ,17,550000,2220993,2375000,3930000
42,Brooklyn,CLINTON HILL             ,01 ONE FAMILY HOMES     ,6,525000,2652918,3091253,3850000
43,Brooklyn,CLINTON HILL             ,02 TWO FAMILY HOMES     ,24,572000,2073052,1920000,5398255
44,Brooklyn,CLINTON HILL             ,03 THREE FAMILY HOMES   ,15,245000,2093867,2075000,3650000
45,Brooklyn,COBBLE HILL              ,01 ONE FAMILY HOMES     ,6,1525000,3720833,3225000,6400000
46,Brooklyn,COBBLE HILL              ,02 TWO FAMILY HOMES     ,2,2945000,3597500,3597500,4250000
47,Brooklyn,COBBLE HILL              ,03 THREE FAMILY HOMES   ,5,2250000,3375000,3475000,4200000
48,Brooklyn,COBBLE HILL-WEST         ,01 ONE FAMILY HOMES     ,1,2490000,2490000,2490000,2490000
49,Brooklyn,COBBLE HILL-WEST         ,02 TWO FAMILY HOMES     ,1,1450000,1450000,1450000,1450000
50,Brooklyn,COBBLE HILL-WEST         ,03 THREE FAMILY HOMES   ,3,1050000,1700000,1550000,2500000
51,Brooklyn,CONEY ISLAND             ,01 ONE FAMILY HOMES     ,31,240000,478139,490000,570000
52,Brooklyn,CONEY ISLAND             ,02 TWO FAMILY HOMES     ,6,350000,619167,507500,1200000
53,Brooklyn,CONEY ISLAND             ,03 THREE FAMILY HOMES   ,2,255000,290000,290000,325000
54,Brooklyn,CROWN HEIGHTS            ,01 ONE FAMILY HOMES     ,45,254205,1116112,1100000,2600000
55,Brooklyn,CROWN HEIGHTS            ,02 TWO FAMILY HOMES     ,144,223750,1136560,995000,7463514
56,Brooklyn,CROWN HEIGHTS            ,03 THREE FAMILY HOMES   ,53,350000,1094083,1050000,2000000
57,Brooklyn,CYPRESS HILLS            ,01 ONE FAMILY HOMES     ,37,230000,452057,450000,1126955
58,Brooklyn,CYPRESS HILLS            ,02 TWO FAMILY HOMES     ,112,212000,516751,555000,915000
59,Brooklyn,CYPRESS HILLS            ,03 THREE FAMILY HOMES   ,42,245000,548679,549000,900000
60,Brooklyn,DOWNTOWN-FULTON FERRY    ,02 TWO FAMILY HOMES     ,1,2795000,2795000,2795000,2795000
61,Brooklyn,DOWNTOWN-FULTON MALL     ,01 ONE FAMILY HOMES     ,2,4022087,4078544,4078544,4135000
62,Brooklyn,DOWNTOWN-FULTON MALL     ,02 TWO FAMILY HOMES     ,2,2000000,3100000,3100000,4200000
63,Brooklyn,DOWNTOWN-METROTECH       ,03 THREE FAMILY HOMES   ,1,2100000,2100000,2100000,2100000
64,Brooklyn,DYKER HEIGHTS            ,01 ONE FAMILY HOMES     ,62,425000,878600,840000,2000000
65,Brooklyn,DYKER HEIGHTS            ,02 TWO FAMILY HOMES     ,64,300000,1072440,1111500,1439000
66,Brooklyn,DYKER HEIGHTS            ,03 THREE FAMILY HOMES   ,20,800000,1233544,1200000,1760000
67,Brooklyn,EAST NEW YORK            ,01 ONE FAMILY HOMES     ,87,205000,394742,375000,1525000
68,Brooklyn,EAST NEW YORK            ,02 TWO FAMILY HOMES     ,267,200000,496045,499500,866710
69,Brooklyn,EAST NEW YORK            ,03 THREE FAMILY HOMES   ,96,250000,520979,522460,789000
70,Brooklyn,FLATBUSH-CENTRAL         ,01 ONE FAMILY HOMES     ,61,230000,1252269,1075000,4000000
71,Brooklyn,FLATBUSH-CENTRAL         ,02 TWO FAMILY HOMES     ,71,220000,922442,799000,2637500
72,Brooklyn,FLATBUSH-CENTRAL         ,03 THREE FAMILY HOMES   ,25,260000,864098,880000,1710000
73,Brooklyn,FLATBUSH-EAST            ,01 ONE FAMILY HOMES     ,170,215000,496390,472500,1675000
74,Brooklyn,FLATBUSH-EAST            ,02 TWO FAMILY HOMES     ,154,200000,564794,549500,1600000
75,Brooklyn,FLATBUSH-EAST            ,03 THREE FAMILY HOMES   ,45,250000,558149,550000,999000
76,Brooklyn,FLATBUSH-LEFFERTS GARDEN ,01 ONE FAMILY HOMES     ,23,700000,1585500,1550000,2400000
77,Brooklyn,FLATBUSH-LEFFERTS GARDEN ,02 TWO FAMILY HOMES     ,38,350000,1177292,1210000,1770000
78,Brooklyn,FLATBUSH-LEFFERTS GARDEN ,03 THREE FAMILY HOMES   ,9,900000,1562778,1550000,2645000
79,Brooklyn,FLATBUSH-NORTH           ,01 ONE FAMILY HOMES     ,43,201303,507522,463224,1600000
80,Brooklyn,FLATBUSH-NORTH           ,02 TWO FAMILY HOMES     ,55,200000,629169,550000,1940000
81,Brooklyn,FLATBUSH-NORTH           ,03 THREE FAMILY HOMES   ,16,374000,683252,546000,1494537
82,Brooklyn,FLATLANDS                ,01 ONE FAMILY HOMES     ,49,260000,466287,450000,805000
83,Brooklyn,FLATLANDS                ,02 TWO FAMILY HOMES     ,55,227500,502893,510056,722000
84,Brooklyn,FLATLANDS                ,03 THREE FAMILY HOMES   ,3,300000,549667,620000,729000
85,Brooklyn,FORT GREENE              ,01 ONE FAMILY HOMES     ,5,395000,1914614,1750000,3717700
86,Brooklyn,FORT GREENE              ,02 TWO FAMILY HOMES     ,15,998000,2663506,2500000,4775000
87,Brooklyn,FORT GREENE              ,03 THREE FAMILY HOMES   ,11,501000,2123757,2250000,3972100
88,Brooklyn,GERRITSEN BEACH          ,01 ONE FAMILY HOMES     ,75,200000,422778,425000,737500
89,Brooklyn,GERRITSEN BEACH          ,02 TWO FAMILY HOMES     ,8,415000,508375,515000,625000
90,Brooklyn,GOWANUS                  ,01 ONE FAMILY HOMES     ,8,634636,1855362,1252500,3920262
91,Brooklyn,GOWANUS                  ,02 TWO FAMILY HOMES     ,16,725000,1585335,1432500,3775000
92,Brooklyn,GOWANUS                  ,03 THREE FAMILY HOMES   ,10,960000,1860000,1525000,3500000
93,Brooklyn,GRAVESEND                ,01 ONE FAMILY HOMES     ,53,269000,730226,730000,1520000
94,Brooklyn,GRAVESEND                ,02 TWO FAMILY HOMES     ,128,207000,892999,912500,1550000
95,Brooklyn,GRAVESEND                ,03 THREE FAMILY HOMES   ,44,300000,1090310,1130375,1650000
96,Brooklyn,GREENPOINT               ,01 ONE FAMILY HOMES     ,4,920000,1249000,1275000,1526000
97,Brooklyn,GREENPOINT               ,02 TWO FAMILY HOMES     ,26,508000,2013564,1832500,4470000
98,Brooklyn,GREENPOINT               ,03 THREE FAMILY HOMES   ,23,689000,1785435,1800000,2600000
99,Brooklyn,KENSINGTON               ,01 ONE FAMILY HOMES     ,12,480000,1075125,1130000,1447000
100,Brooklyn,KENSINGTON               ,02 TWO FAMILY HOMES     ,18,262454,988303,992000,2075000
101,Brooklyn,KENSINGTON               ,03 THREE FAMILY HOMES   ,2,583333,916667,916667,1250000
102,Brooklyn,MADISON                  ,01 ONE FAMILY HOMES     ,85,325000,814519,775000,1860000
103,Brooklyn,MADISON                  ,02 TWO FAMILY HOMES     ,49,250000,888314,853000,1850000
104,Brooklyn,MADISON                  ,03 THREE FAMILY HOMES   ,3,855000,988333,910000,1200000
105,Brooklyn,MANHATTAN BEACH          ,01 ONE FAMILY HOMES     ,29,285000,1263290,1260000,2267500
106,Brooklyn,MANHATTAN BEACH          ,02 TWO FAMILY HOMES     ,10,559523,1346652,1167500,3200000
107,Brooklyn,MARINE PARK              ,01 ONE FAMILY HOMES     ,182,250000,607236,607500,1445000
108,Brooklyn,MARINE PARK              ,02 TWO FAMILY HOMES     ,54,228500,661737,660000,980000
109,Brooklyn,MARINE PARK              ,03 THREE FAMILY HOMES   ,4,585000,805000,842500,949999
110,Brooklyn,MIDWOOD                  ,01 ONE FAMILY HOMES     ,107,200000,1053492,900000,6750000
111,Brooklyn,MIDWOOD                  ,02 TWO FAMILY HOMES     ,50,200000,1034444,937000,3090000
112,Brooklyn,MIDWOOD                  ,03 THREE FAMILY HOMES   ,17,298333,968300,960000,2000000
113,Brooklyn,MILL BASIN               ,01 ONE FAMILY HOMES     ,71,450000,985109,920000,2000000
114,Brooklyn,MILL BASIN               ,02 TWO FAMILY HOMES     ,32,328730,816218,790000,1500000
115,Brooklyn,NAVY YARD                ,01 ONE FAMILY HOMES     ,10,1942565,2036684,2013651,2138325
116,Brooklyn,NAVY YARD                ,02 TWO FAMILY HOMES     ,3,875000,1400000,1275000,2050000
117,Brooklyn,OCEAN HILL               ,01 ONE FAMILY HOMES     ,19,235800,685271,730000,1260000
118,Brooklyn,OCEAN HILL               ,02 TWO FAMILY HOMES     ,105,205000,747202,730000,1549000
119,Brooklyn,OCEAN HILL               ,03 THREE FAMILY HOMES   ,62,245000,824711,742007,1735000
120,Brooklyn,OCEAN PARKWAY-NORTH      ,01 ONE FAMILY HOMES     ,91,300000,1292362,980000,7000000
121,Brooklyn,OCEAN PARKWAY-NORTH      ,02 TWO FAMILY HOMES     ,72,325000,1221875,1100000,3450000
122,Brooklyn,OCEAN PARKWAY-NORTH      ,03 THREE FAMILY HOMES   ,15,400000,1309000,1260000,3225000
123,Brooklyn,OCEAN PARKWAY-SOUTH      ,01 ONE FAMILY HOMES     ,34,290000,1869503,1112500,11360000
124,Brooklyn,OCEAN PARKWAY-SOUTH      ,02 TWO FAMILY HOMES     ,66,300000,1206506,932500,5350000
125,Brooklyn,OCEAN PARKWAY-SOUTH      ,03 THREE FAMILY HOMES   ,17,350000,1099100,1200000,1550000
126,Brooklyn,OLD MILL BASIN           ,01 ONE FAMILY HOMES     ,100,205000,451733,440000,890000
127,Brooklyn,OLD MILL BASIN           ,02 TWO FAMILY HOMES     ,42,265000,539499,534000,980000
128,Brooklyn,OLD MILL BASIN           ,03 THREE FAMILY HOMES   ,7,320000,625714,685000,855000
129,Brooklyn,PARK SLOPE               ,01 ONE FAMILY HOMES     ,11,1915000,4381193,4800000,7500000
130,Brooklyn,PARK SLOPE               ,02 TWO FAMILY HOMES     ,38,404000,2871369,3120750,4100000
131,Brooklyn,PARK SLOPE               ,03 THREE FAMILY HOMES   ,26,816666,2630811,2425000,5700000
132,Brooklyn,PARK SLOPE SOUTH         ,01 ONE FAMILY HOMES     ,14,412870,1777878,1433714,4000000
133,Brooklyn,PARK SLOPE SOUTH         ,02 TWO FAMILY HOMES     ,31,330015,1763312,1650000,3258400
134,Brooklyn,PARK SLOPE SOUTH         ,03 THREE FAMILY HOMES   ,6,549000,5271500,1740000,19875000
135,Brooklyn,PROSPECT HEIGHTS         ,01 ONE FAMILY HOMES     ,3,2165000,2955000,3300000,3400000
136,Brooklyn,PROSPECT HEIGHTS         ,02 TWO FAMILY HOMES     ,14,1610000,2608429,2465000,4200000
137,Brooklyn,PROSPECT HEIGHTS         ,03 THREE FAMILY HOMES   ,2,3710000,3780000,3780000,3850000
138,Brooklyn,RED HOOK                 ,01 ONE FAMILY HOMES     ,4,1215000,1858797,1710000,2800187
139,Brooklyn,RED HOOK                 ,02 TWO FAMILY HOMES     ,12,580000,1467917,1550000,2265000
140,Brooklyn,RED HOOK                 ,03 THREE FAMILY HOMES   ,2,540000,1117500,1117500,1695000
141,Brooklyn,SEAGATE                  ,01 ONE FAMILY HOMES     ,14,250000,477482,457750,725000
142,Brooklyn,SEAGATE                  ,02 TWO FAMILY HOMES     ,13,300000,598853,635000,834965
143,Brooklyn,SEAGATE                  ,03 THREE FAMILY HOMES   ,2,635520,697760,697760,760000
144,Brooklyn,SHEEPSHEAD BAY           ,01 ONE FAMILY HOMES     ,81,240000,666231,658000,1480000
145,Brooklyn,SHEEPSHEAD BAY           ,02 TWO FAMILY HOMES     ,130,275000,787250,775000,1700000
146,Brooklyn,SHEEPSHEAD BAY           ,03 THREE FAMILY HOMES   ,18,400000,886972,871000,1500000
147,Brooklyn,SUNSET PARK              ,01 ONE FAMILY HOMES     ,12,350000,1044306,922500,2075000
148,Brooklyn,SUNSET PARK              ,02 TWO FAMILY HOMES     ,116,350000,1174973,1150000,3000000
149,Brooklyn,SUNSET PARK              ,03 THREE FAMILY HOMES   ,45,269851,1088464,990000,3100000
150,Brooklyn,WILLIAMSBURG-CENTRAL     ,02 TWO FAMILY HOMES     ,3,800000,1466667,1500000,2100000
151,Brooklyn,WILLIAMSBURG-CENTRAL     ,03 THREE FAMILY HOMES   ,10,300000,776351,700930,1430000
152,Brooklyn,WILLIAMSBURG-EAST        ,01 ONE FAMILY HOMES     ,20,325000,1594775,1487500,2900000
153,Brooklyn,WILLIAMSBURG-EAST        ,02 TWO FAMILY HOMES     ,32,370000,1629953,1525000,5500000
154,Brooklyn,WILLIAMSBURG-EAST        ,03 THREE FAMILY HOMES   ,11,995000,2182982,2075000,3800000
155,Brooklyn,WILLIAMSBURG-NORTH       ,01 ONE FAMILY HOMES     ,4,1100000,3725000,2525000,8750000
156,Brooklyn,WILLIAMSBURG-NORTH       ,02 TWO FAMILY HOMES     ,6,900000,3638500,2100000,13181000
157,Brooklyn,WILLIAMSBURG-NORTH       ,03 THREE FAMILY HOMES   ,8,985000,2915000,2262500,7200000
158,Brooklyn,WILLIAMSBURG-SOUTH       ,01 ONE FAMILY HOMES     ,7,1955040,3202685,3100000,4582125
159,Brooklyn,WILLIAMSBURG-SOUTH       ,02 TWO FAMILY HOMES     ,7,289000,1373429,1500000,2000000
160,Brooklyn,WILLIAMSBURG-SOUTH       ,03 THREE FAMILY HOMES   ,6,760000,2514167,2587500,3600000
161,Brooklyn,WINDSOR TERRACE          ,01 ONE FAMILY HOMES     ,6,1125000,1653100,1555000,2433600
162,Brooklyn,WINDSOR TERRACE          ,02 TWO FAMILY HOMES     ,28,600000,1420909,1400000,2250000
163,Brooklyn,WINDSOR TERRACE          ,03 THREE FAMILY HOMES   ,7,453596,1721228,1570000,2600000
164,Brooklyn,WYCKOFF HEIGHTS          ,01 ONE FAMILY HOMES     ,1,670000,670000,670000,670000
165,Brooklyn,WYCKOFF HEIGHTS          ,02 TWO FAMILY HOMES     ,10,416000,941700,974500,1700000
166,Brooklyn,WYCKOFF HEIGHTS          ,03 THREE FAMILY HOMES   ,14,500000,1116714,1200000,1600000
0,Bronx, BATHGATE                  , 01 ONE FAMILY HOMES      ,4,220000,253760,252520,290000
1,Bronx, BATHGATE                  , 02 TWO FAMILY HOMES      ,15,240000,443767,470000,680000
2,Bronx, BATHGATE                  , 03 THREE FAMILY HOMES    ,5,350000,417200,390000,545000
3,Bronx, BAYCHESTER                , 01 ONE FAMILY HOMES      ,90,217500,357620,353500,700000
4,Bronx, BAYCHESTER                , 02 TWO FAMILY HOMES      ,104,203000,430514,433190,789000
5,Bronx, BAYCHESTER                , 03 THREE FAMILY HOMES    ,22,205000,503351,497000,847567
6,Bronx, BEDFORD PARK/NORWOOD      , 01 ONE FAMILY HOMES      ,9,210000,334611,344500,475000
7,Bronx, BEDFORD PARK/NORWOOD      , 02 TWO FAMILY HOMES      ,34,225000,477797,470000,1150000
8,Bronx, BEDFORD PARK/NORWOOD      , 03 THREE FAMILY HOMES    ,6,271100,432811,436500,680000
9,Bronx, BELMONT                   , 02 TWO FAMILY HOMES      ,19,270000,455824,419000,930000
10,Bronx, BELMONT                   , 03 THREE FAMILY HOMES    ,9,319000,528778,465000,860000
11,Bronx, BRONX PARK                , 02 TWO FAMILY HOMES      ,1,560000,560000,560000,560000
12,Bronx, BRONXDALE                 , 01 ONE FAMILY HOMES      ,46,220000,355666,340000,680000
13,Bronx, BRONXDALE                 , 02 TWO FAMILY HOMES      ,70,207000,475098,459000,1100000
14,Bronx, BRONXDALE                 , 03 THREE FAMILY HOMES    ,15,242100,498638,503958,778223
15,Bronx, CASTLE HILL/UNIONPORT     , 01 ONE FAMILY HOMES      ,31,220000,372382,375000,475000
16,Bronx, CASTLE HILL/UNIONPORT     , 02 TWO FAMILY HOMES      ,46,220000,436233,432500,749112
17,Bronx, CASTLE HILL/UNIONPORT     , 03 THREE FAMILY HOMES    ,16,275000,496723,525000,746000
18,Bronx, CITY ISLAND               , 01 ONE FAMILY HOMES      ,29,200000,473828,405000,1030000
19,Bronx, CITY ISLAND               , 02 TWO FAMILY HOMES      ,8,419000,730500,610000,1625000
20,Bronx, CITY ISLAND               , 03 THREE FAMILY HOMES    ,1,699000,699000,699000,699000
21,Bronx, CITY ISLAND-PELHAM STRIP  , 01 ONE FAMILY HOMES      ,4,736000,1989000,1010000,5200000
22,Bronx, CO-OP CITY                , 01 ONE FAMILY HOMES      ,1,430000,430000,430000,430000
23,Bronx, COUNTRY CLUB              , 01 ONE FAMILY HOMES      ,57,250000,470087,447500,900000
24,Bronx, COUNTRY CLUB              , 02 TWO FAMILY HOMES      ,36,290000,558875,547500,830000
25,Bronx, COUNTRY CLUB              , 03 THREE FAMILY HOMES    ,2,420000,465000,465000,510000
26,Bronx, CROTONA PARK              , 01 ONE FAMILY HOMES      ,4,216000,405520,345662,714757
27,Bronx, CROTONA PARK              , 02 TWO FAMILY HOMES      ,11,209299,388118,400000,550000
28,Bronx, CROTONA PARK              , 03 THREE FAMILY HOMES    ,8,237500,403864,343500,625000
29,Bronx, EAST TREMONT              , 01 ONE FAMILY HOMES      ,9,222500,355167,330000,750000
30,Bronx, EAST TREMONT              , 02 TWO FAMILY HOMES      ,24,200000,394774,417500,570000
31,Bronx, EAST TREMONT              , 03 THREE FAMILY HOMES    ,17,220000,465333,480000,741139
32,Bronx, FIELDSTON                 , 01 ONE FAMILY HOMES      ,15,335000,1497866,1370000,3900000
33,Bronx, FIELDSTON                 , 03 THREE FAMILY HOMES    ,3,877500,892500,900000,900000
34,Bronx, FORDHAM                   , 01 ONE FAMILY HOMES      ,8,200000,422375,399500,750000
35,Bronx, FORDHAM                   , 02 TWO FAMILY HOMES      ,16,214120,431587,410000,1075000
36,Bronx, FORDHAM                   , 03 THREE FAMILY HOMES    ,7,270000,551268,500000,999051
37,Bronx, HIGHBRIDGE/MORRIS HEIGHTS , 01 ONE FAMILY HOMES      ,8,250000,377875,379500,535000
38,Bronx, HIGHBRIDGE/MORRIS HEIGHTS , 02 TWO FAMILY HOMES      ,21,203000,427241,460000,604370
39,Bronx, HIGHBRIDGE/MORRIS HEIGHTS , 03 THREE FAMILY HOMES    ,16,266000,573457,533750,751000
40,Bronx, HUNTS POINT               , 01 ONE FAMILY HOMES      ,1,345112,345112,345112,345112
41,Bronx, HUNTS POINT               , 02 TWO FAMILY HOMES      ,7,258000,382494,395460,555000
42,Bronx, HUNTS POINT               , 03 THREE FAMILY HOMES    ,12,210405,363305,355375,525000
43,Bronx, KINGSBRIDGE HTS/UNIV HTS  , 01 ONE FAMILY HOMES      ,10,242000,423821,397357,599000
44,Bronx, KINGSBRIDGE HTS/UNIV HTS  , 02 TWO FAMILY HOMES      ,18,220000,396254,392500,550000
45,Bronx, KINGSBRIDGE HTS/UNIV HTS  , 03 THREE FAMILY HOMES    ,3,500000,599167,567500,730000
46,Bronx, KINGSBRIDGE/JEROME PARK   , 01 ONE FAMILY HOMES      ,19,315000,507906,495000,715000
47,Bronx, KINGSBRIDGE/JEROME PARK   , 02 TWO FAMILY HOMES      ,21,225000,432322,350000,725000
48,Bronx, KINGSBRIDGE/JEROME PARK   , 03 THREE FAMILY HOMES    ,10,319410,927962,639613,4200000
49,Bronx, MELROSE/CONCOURSE         , 01 ONE FAMILY HOMES      ,4,205000,306000,280000,459000
50,Bronx, MELROSE/CONCOURSE         , 02 TWO FAMILY HOMES      ,25,220000,415273,385000,830000
51,Bronx, MELROSE/CONCOURSE         , 03 THREE FAMILY HOMES    ,29,200000,469025,440000,875000
52,Bronx, MORRIS PARK/VAN NEST      , 01 ONE FAMILY HOMES      ,39,305000,441365,457500,675000
53,Bronx, MORRIS PARK/VAN NEST      , 02 TWO FAMILY HOMES      ,84,200000,479629,482500,770000
54,Bronx, MORRIS PARK/VAN NEST      , 03 THREE FAMILY HOMES    ,16,260000,578856,567500,999950
55,Bronx, MORRISANIA/LONGWOOD       , 01 ONE FAMILY HOMES      ,22,225000,356405,349000,549000
56,Bronx, MORRISANIA/LONGWOOD       , 02 TWO FAMILY HOMES      ,49,200000,461478,435000,2969240
57,Bronx, MORRISANIA/LONGWOOD       , 03 THREE FAMILY HOMES    ,44,200000,467552,469950,946591
58,Bronx, MOTT HAVEN/PORT MORRIS    , 01 ONE FAMILY HOMES      ,13,255000,481051,450000,866666
59,Bronx, MOTT HAVEN/PORT MORRIS    , 02 TWO FAMILY HOMES      ,20,250000,532500,500000,1100000
60,Bronx, MOTT HAVEN/PORT MORRIS    , 03 THREE FAMILY HOMES    ,10,220000,524897,469600,870000
61,Bronx, MOUNT HOPE/MOUNT EDEN     , 01 ONE FAMILY HOMES      ,5,205000,647000,425000,1215000
62,Bronx, MOUNT HOPE/MOUNT EDEN     , 02 TWO FAMILY HOMES      ,14,205000,492185,494500,650000
63,Bronx, MOUNT HOPE/MOUNT EDEN     , 03 THREE FAMILY HOMES    ,13,240000,480392,445000,999999
64,Bronx, PARKCHESTER               , 01 ONE FAMILY HOMES      ,10,225000,383398,346000,676982
65,Bronx, PARKCHESTER               , 02 TWO FAMILY HOMES      ,32,282146,503463,477500,900000
66,Bronx, PARKCHESTER               , 03 THREE FAMILY HOMES    ,17,225000,491914,499995,750000
67,Bronx, PELHAM GARDENS            , 01 ONE FAMILY HOMES      ,20,325000,481328,477500,680000
68,Bronx, PELHAM GARDENS            , 02 TWO FAMILY HOMES      ,18,407000,596777,598400,761146
69,Bronx, PELHAM GARDENS            , 03 THREE FAMILY HOMES    ,1,525000,525000,525000,525000
70,Bronx, PELHAM PARKWAY NORTH      , 01 ONE FAMILY HOMES      ,33,300000,471457,475000,710000
71,Bronx, PELHAM PARKWAY NORTH      , 02 TWO FAMILY HOMES      ,41,225000,514242,523000,735000
72,Bronx, PELHAM PARKWAY NORTH      , 03 THREE FAMILY HOMES    ,6,315000,506000,505000,661000
73,Bronx, PELHAM PARKWAY SOUTH      , 01 ONE FAMILY HOMES      ,12,375000,589458,561250,1089000
74,Bronx, PELHAM PARKWAY SOUTH      , 02 TWO FAMILY HOMES      ,21,270000,526167,510000,738000
75,Bronx, PELHAM PARKWAY SOUTH      , 03 THREE FAMILY HOMES    ,4,455000,586250,537500,815000
76,Bronx, RIVERDALE                 , 01 ONE FAMILY HOMES      ,40,420000,1278718,922500,3995000
77,Bronx, RIVERDALE                 , 02 TWO FAMILY HOMES      ,20,250000,782112,742500,2300000
78,Bronx, RIVERDALE                 , 03 THREE FAMILY HOMES    ,7,263333,813428,851000,1500000
79,Bronx, SCHUYLERVILLE/PELHAM BAY  , 01 ONE FAMILY HOMES      ,56,200000,382266,393200,565000
80,Bronx, SCHUYLERVILLE/PELHAM BAY  , 02 TWO FAMILY HOMES      ,57,245000,515817,500000,900000
81,Bronx, SCHUYLERVILLE/PELHAM BAY  , 03 THREE FAMILY HOMES    ,23,320000,582610,600000,938000
82,Bronx, SOUNDVIEW                 , 01 ONE FAMILY HOMES      ,30,201000,333687,329500,540000
83,Bronx, SOUNDVIEW                 , 02 TWO FAMILY HOMES      ,133,200000,439707,450000,760000
84,Bronx, SOUNDVIEW                 , 03 THREE FAMILY HOMES    ,55,218500,517690,505000,794235
85,Bronx, THROGS NECK               , 01 ONE FAMILY HOMES      ,108,200000,404797,402500,811000
86,Bronx, THROGS NECK               , 02 TWO FAMILY HOMES      ,74,250000,484759,499500,825000
87,Bronx, THROGS NECK               , 03 THREE FAMILY HOMES    ,10,300000,571117,597134,750000
88,Bronx, WAKEFIELD                 , 01 ONE FAMILY HOMES      ,65,204000,357895,365000,655000
89,Bronx, WAKEFIELD                 , 02 TWO FAMILY HOMES      ,88,200000,456727,440000,900000
90,Bronx, WAKEFIELD                 , 03 THREE FAMILY HOMES    ,9,310000,436179,433859,545000
91,Bronx, WESTCHESTER               , 01 ONE FAMILY HOMES      ,13,232000,990192,403000,8000000
92,Bronx, WESTCHESTER               , 02 TWO FAMILY HOMES      ,36,230000,477618,492500,710000
93,Bronx, WESTCHESTER               , 03 THREE FAMILY HOMES    ,6,292600,521267,562500,660000
94,Bronx, WILLIAMSBRIDGE            , 01 ONE FAMILY HOMES      ,43,208000,368395,375000,825000
95,Bronx, WILLIAMSBRIDGE            , 02 TWO FAMILY HOMES      ,138,200000,418358,415650,800000
96,Bronx, WILLIAMSBRIDGE            , 03 THREE FAMILY HOMES    ,57,200000,471452,474900,699000
97,Bronx, WOODLAWN                  , 01 ONE FAMILY HOMES      ,18,215000,443285,447500,624000
98,Bronx, WOODLAWN                  , 02 TWO FAMILY HOMES      ,18,405000,518115,527500,635000
99,Bronx, WOODLAWN                  , 03 THREE FAMILY HOMES    ,4,372500,525625,565000,600000
0,Queens,AIRPORT LA GUARDIA       ,01 ONE FAMILY HOMES     ,2,275500,467750,467750,660000
1,Queens,AIRPORT LA GUARDIA       ,03 THREE FAMILY HOMES   ,2,470000,705000,705000,940000
2,Queens,ARVERNE                  ,01 ONE FAMILY HOMES     ,29,201820,360370,310000,1120075
3,Queens,ARVERNE                  ,02 TWO FAMILY HOMES     ,100,200000,574753,604850,1221900
4,Queens,ARVERNE                  ,03 THREE FAMILY HOMES   ,8,202000,403418,387500,823647
5,Queens,ASTORIA                  ,01 ONE FAMILY HOMES     ,41,230000,917399,900000,1950000
6,Queens,ASTORIA                  ,02 TWO FAMILY HOMES     ,117,234000,1045166,995000,3000000
7,Queens,ASTORIA                  ,03 THREE FAMILY HOMES   ,46,215000,1132075,1175000,2300000
8,Queens,BAYSIDE                  ,01 ONE FAMILY HOMES     ,287,215000,812673,795000,2300000
9,Queens,BAYSIDE                  ,02 TWO FAMILY HOMES     ,97,200000,999512,975000,1650000
10,Queens,BAYSIDE                  ,03 THREE FAMILY HOMES   ,18,483333,1077346,1095000,1500000
11,Queens,BEECHHURST               ,01 ONE FAMILY HOMES     ,47,250000,972943,875000,2250000
12,Queens,BEECHHURST               ,03 THREE FAMILY HOMES   ,1,700000,700000,700000,700000
13,Queens,BELLE HARBOR             ,01 ONE FAMILY HOMES     ,34,263000,784096,757500,1400000
14,Queens,BELLE HARBOR             ,02 TWO FAMILY HOMES     ,20,367195,720195,748500,999999
15,Queens,BELLE HARBOR             ,03 THREE FAMILY HOMES   ,2,772500,783750,783750,795000
16,Queens,BELLEROSE                ,01 ONE FAMILY HOMES     ,116,200000,534688,537500,1300000
17,Queens,BELLEROSE                ,02 TWO FAMILY HOMES     ,32,360000,589207,550000,935000
18,Queens,BELLEROSE                ,03 THREE FAMILY HOMES   ,1,750000,750000,750000,750000
19,Queens,BRIARWOOD                ,01 ONE FAMILY HOMES     ,17,304000,638824,600000,1100000
20,Queens,BRIARWOOD                ,02 TWO FAMILY HOMES     ,5,495000,715000,725000,875000
21,Queens,BRIARWOOD                ,03 THREE FAMILY HOMES   ,8,570000,830000,735000,1350000
22,Queens,BROAD CHANNEL            ,01 ONE FAMILY HOMES     ,24,206000,368567,360000,760000
23,Queens,BROAD CHANNEL            ,02 TWO FAMILY HOMES     ,3,265000,403333,410000,535000
24,Queens,CAMBRIA HEIGHTS          ,01 ONE FAMILY HOMES     ,92,200000,389441,395000,750000
25,Queens,CAMBRIA HEIGHTS          ,02 TWO FAMILY HOMES     ,15,267800,441907,463000,610000
26,Queens,COLLEGE POINT            ,01 ONE FAMILY HOMES     ,86,250000,642324,639000,1450000
27,Queens,COLLEGE POINT            ,02 TWO FAMILY HOMES     ,115,200000,798593,800000,1280000
28,Queens,COLLEGE POINT            ,03 THREE FAMILY HOMES   ,12,201400,896544,944000,1247000
29,Queens,CORONA                   ,01 ONE FAMILY HOMES     ,32,220000,682044,650000,1700000
30,Queens,CORONA                   ,02 TWO FAMILY HOMES     ,102,225000,782329,800000,1660000
31,Queens,CORONA                   ,03 THREE FAMILY HOMES   ,92,345000,904110,930849,1600000
32,Queens,DOUGLASTON               ,01 ONE FAMILY HOMES     ,67,300000,1065365,950000,2650000
33,Queens,DOUGLASTON               ,02 TWO FAMILY HOMES     ,8,880000,986250,950000,1150000
34,Queens,DOUGLASTON               ,03 THREE FAMILY HOMES   ,1,1150000,1150000,1150000,1150000
35,Queens,EAST ELMHURST            ,01 ONE FAMILY HOMES     ,50,240000,534666,547000,1100000
36,Queens,EAST ELMHURST            ,02 TWO FAMILY HOMES     ,84,200000,680765,706033,1294000
37,Queens,EAST ELMHURST            ,03 THREE FAMILY HOMES   ,16,325000,774913,739500,1221900
38,Queens,ELMHURST                 ,01 ONE FAMILY HOMES     ,68,350000,735570,745000,1200000
39,Queens,ELMHURST                 ,02 TWO FAMILY HOMES     ,83,333000,919942,850000,4150000
40,Queens,ELMHURST                 ,03 THREE FAMILY HOMES   ,49,230000,1024239,999000,1475000
41,Queens,FAR ROCKAWAY             ,01 ONE FAMILY HOMES     ,75,200000,523860,435000,1400000
42,Queens,FAR ROCKAWAY             ,02 TWO FAMILY HOMES     ,81,200000,428155,421400,825000
43,Queens,FAR ROCKAWAY             ,03 THREE FAMILY HOMES   ,25,235000,449013,410000,888744
44,Queens,FLORAL PARK              ,01 ONE FAMILY HOMES     ,117,230000,586649,579000,1250000
45,Queens,FLORAL PARK              ,02 TWO FAMILY HOMES     ,2,640000,745000,745000,850000
46,Queens,FLORAL PARK              ,03 THREE FAMILY HOMES   ,2,810000,817500,817500,825000
47,Queens,FLUSHING-NORTH           ,01 ONE FAMILY HOMES     ,484,200000,830278,800000,2400000
48,Queens,FLUSHING-NORTH           ,02 TWO FAMILY HOMES     ,221,200000,1075823,980000,6000000
49,Queens,FLUSHING-NORTH           ,03 THREE FAMILY HOMES   ,36,345000,1278170,1245000,3177242
50,Queens,FLUSHING-SOUTH           ,01 ONE FAMILY HOMES     ,223,200000,726579,710000,1450000
51,Queens,FLUSHING-SOUTH           ,02 TWO FAMILY HOMES     ,67,200000,820351,800000,1629200
52,Queens,FLUSHING-SOUTH           ,03 THREE FAMILY HOMES   ,9,497500,1075611,1123000,1500000
53,Queens,FOREST HILLS             ,01 ONE FAMILY HOMES     ,123,260000,1222817,999000,3350000
54,Queens,FOREST HILLS             ,02 TWO FAMILY HOMES     ,27,200000,920693,825000,1865000
55,Queens,FRESH MEADOWS            ,01 ONE FAMILY HOMES     ,72,200600,830375,834000,1400000
56,Queens,FRESH MEADOWS            ,02 TWO FAMILY HOMES     ,18,286000,852357,920713,999000
57,Queens,FRESH MEADOWS            ,03 THREE FAMILY HOMES   ,2,970000,1180000,1180000,1390000
58,Queens,GLEN OAKS                ,01 ONE FAMILY HOMES     ,29,400000,596519,580000,997885
59,Queens,GLEN OAKS                ,02 TWO FAMILY HOMES     ,4,400000,909273,918500,1400093
60,Queens,GLEN OAKS                ,03 THREE FAMILY HOMES   ,1,873000,873000,873000,873000
61,Queens,GLENDALE                 ,01 ONE FAMILY HOMES     ,87,200000,597946,610000,995000
62,Queens,GLENDALE                 ,02 TWO FAMILY HOMES     ,101,225000,691177,700000,1425000
63,Queens,GLENDALE                 ,03 THREE FAMILY HOMES   ,9,667479,833609,870000,1055000
64,Queens,HAMMELS                  ,01 ONE FAMILY HOMES     ,9,240000,389556,355000,830000
65,Queens,HAMMELS                  ,02 TWO FAMILY HOMES     ,19,200000,441922,384000,670000
66,Queens,HAMMELS                  ,03 THREE FAMILY HOMES   ,1,570000,570000,570000,570000
67,Queens,HILLCREST                ,01 ONE FAMILY HOMES     ,24,460000,628375,600000,860000
68,Queens,HILLCREST                ,02 TWO FAMILY HOMES     ,5,533000,671200,580000,950000
69,Queens,HOLLIS                   ,01 ONE FAMILY HOMES     ,184,200000,426450,429500,948927
70,Queens,HOLLIS                   ,02 TWO FAMILY HOMES     ,59,219000,637566,500000,7750000
71,Queens,HOLLIS                   ,03 THREE FAMILY HOMES   ,9,370000,620442,530000,968000
72,Queens,HOLLIS HILLS             ,01 ONE FAMILY HOMES     ,29,660000,950483,870000,1475000
73,Queens,HOLLIS HILLS             ,02 TWO FAMILY HOMES     ,1,835000,835000,835000,835000
74,Queens,HOLLISWOOD               ,01 ONE FAMILY HOMES     ,43,350000,879733,870000,1510000
75,Queens,HOLLISWOOD               ,02 TWO FAMILY HOMES     ,4,530000,718750,697500,950000
76,Queens,HOLLISWOOD               ,03 THREE FAMILY HOMES   ,1,682222,682222,682222,682222
77,Queens,HOWARD BEACH             ,01 ONE FAMILY HOMES     ,121,201002,587520,585000,1425000
78,Queens,HOWARD BEACH             ,02 TWO FAMILY HOMES     ,52,255000,634579,654750,1100000
79,Queens,HOWARD BEACH             ,03 THREE FAMILY HOMES   ,6,535000,727500,752500,895000
80,Queens,JACKSON HEIGHTS          ,01 ONE FAMILY HOMES     ,70,250000,702612,662500,1510000
81,Queens,JACKSON HEIGHTS          ,02 TWO FAMILY HOMES     ,89,200000,735635,770000,1350000
82,Queens,JACKSON HEIGHTS          ,03 THREE FAMILY HOMES   ,32,386596,999833,980000,1475000
83,Queens,JAMAICA                  ,01 ONE FAMILY HOMES     ,29,200000,513912,470000,1935000
84,Queens,JAMAICA                  ,02 TWO FAMILY HOMES     ,44,225000,674130,655000,1400000
85,Queens,JAMAICA                  ,03 THREE FAMILY HOMES   ,10,280000,763900,812500,990000
86,Queens,JAMAICA BAY              ,01 ONE FAMILY HOMES     ,6,258000,371917,358000,462000
87,Queens,JAMAICA BAY              ,02 TWO FAMILY HOMES     ,3,414423,469808,485000,510000
88,Queens,JAMAICA ESTATES          ,01 ONE FAMILY HOMES     ,63,304000,1074479,1045500,2000000
89,Queens,JAMAICA ESTATES          ,02 TWO FAMILY HOMES     ,3,700000,875833,960000,967500
90,Queens,JAMAICA ESTATES          ,03 THREE FAMILY HOMES   ,1,1115000,1115000,1115000,1115000
91,Queens,JAMAICA HILLS            ,01 ONE FAMILY HOMES     ,24,250000,664445,662500,1098691
92,Queens,JAMAICA HILLS            ,02 TWO FAMILY HOMES     ,19,200000,665867,660726,955000
93,Queens,JAMAICA HILLS            ,03 THREE FAMILY HOMES   ,7,389850,827121,940000,1130000
94,Queens,KEW GARDENS              ,01 ONE FAMILY HOMES     ,33,272666,836740,730000,1795000
95,Queens,KEW GARDENS              ,02 TWO FAMILY HOMES     ,10,375000,683050,635250,1620000
96,Queens,KEW GARDENS              ,03 THREE FAMILY HOMES   ,6,460000,906667,915000,1260000
97,Queens,LAURELTON                ,01 ONE FAMILY HOMES     ,154,200000,398706,415000,653000
98,Queens,LAURELTON                ,02 TWO FAMILY HOMES     ,47,200000,474445,490000,825000
99,Queens,LAURELTON                ,03 THREE FAMILY HOMES   ,1,635000,635000,635000,635000
100,Queens,LITTLE NECK              ,01 ONE FAMILY HOMES     ,91,280000,851067,817550,2250000
101,Queens,LITTLE NECK              ,02 TWO FAMILY HOMES     ,13,780000,1108048,1020000,1800000
102,Queens,LITTLE NECK              ,03 THREE FAMILY HOMES   ,3,939999,1065000,950000,1305000
103,Queens,LONG ISLAND CITY         ,01 ONE FAMILY HOMES     ,6,600000,903833,810000,1500000
104,Queens,LONG ISLAND CITY         ,02 TWO FAMILY HOMES     ,24,715000,1430584,1275000,3000000
105,Queens,LONG ISLAND CITY         ,03 THREE FAMILY HOMES   ,10,450000,1845645,1207500,3750000
106,Queens,MASPETH                  ,01 ONE FAMILY HOMES     ,95,226500,573773,575000,905000
107,Queens,MASPETH                  ,02 TWO FAMILY HOMES     ,87,235000,728486,700000,1450000
108,Queens,MASPETH                  ,03 THREE FAMILY HOMES   ,22,680000,947804,901000,1275000
109,Queens,MIDDLE VILLAGE           ,01 ONE FAMILY HOMES     ,142,200000,637200,652500,1085000
110,Queens,MIDDLE VILLAGE           ,02 TWO FAMILY HOMES     ,69,200000,800852,785000,1600000
111,Queens,MIDDLE VILLAGE           ,03 THREE FAMILY HOMES   ,16,250000,839273,884782,1200000
112,Queens,NEPONSIT                 ,01 ONE FAMILY HOMES     ,21,300000,893500,850000,1750000
113,Queens,OAKLAND GARDENS          ,01 ONE FAMILY HOMES     ,55,225000,792474,830000,999999
114,Queens,OAKLAND GARDENS          ,02 TWO FAMILY HOMES     ,10,980000,1353691,1390000,1573287
115,Queens,OAKLAND GARDENS          ,03 THREE FAMILY HOMES   ,1,960000,960000,960000,960000
116,Queens,OZONE PARK               ,01 ONE FAMILY HOMES     ,118,200000,438840,450000,700000
117,Queens,OZONE PARK               ,02 TWO FAMILY HOMES     ,154,205000,553756,560000,840000
118,Queens,OZONE PARK               ,03 THREE FAMILY HOMES   ,12,204898,615783,637250,945000
119,Queens,QUEENS VILLAGE           ,01 ONE FAMILY HOMES     ,268,200000,444786,450000,900000
120,Queens,QUEENS VILLAGE           ,02 TWO FAMILY HOMES     ,84,201000,556052,547950,1250000
121,Queens,QUEENS VILLAGE           ,03 THREE FAMILY HOMES   ,3,620000,716667,730000,800000
122,Queens,REGO PARK                ,01 ONE FAMILY HOMES     ,55,250000,841831,800000,1512500
123,Queens,REGO PARK                ,02 TWO FAMILY HOMES     ,22,616888,951090,885000,1350000
124,Queens,REGO PARK                ,03 THREE FAMILY HOMES   ,8,870000,1168500,1165000,1400000
125,Queens,RICHMOND HILL            ,01 ONE FAMILY HOMES     ,171,222000,451445,445000,853642
126,Queens,RICHMOND HILL            ,02 TWO FAMILY HOMES     ,216,200000,545220,540300,1150000
127,Queens,RICHMOND HILL            ,03 THREE FAMILY HOMES   ,27,255000,643491,600000,996866
128,Queens,RIDGEWOOD                ,01 ONE FAMILY HOMES     ,16,340000,733719,780002,1200000
129,Queens,RIDGEWOOD                ,02 TWO FAMILY HOMES     ,86,250000,801265,837500,1750000
130,Queens,RIDGEWOOD                ,03 THREE FAMILY HOMES   ,34,415000,998012,997000,1500000
131,Queens,ROCKAWAY PARK            ,01 ONE FAMILY HOMES     ,10,227000,482700,462500,695000
132,Queens,ROCKAWAY PARK            ,02 TWO FAMILY HOMES     ,10,400000,584500,593750,750000
133,Queens,ROCKAWAY PARK            ,03 THREE FAMILY HOMES   ,7,300000,536429,525000,680000
134,Queens,ROSEDALE                 ,01 ONE FAMILY HOMES     ,130,200000,399992,395000,790000
135,Queens,ROSEDALE                 ,02 TWO FAMILY HOMES     ,135,220000,543871,550000,804167
136,Queens,ROSEDALE                 ,03 THREE FAMILY HOMES   ,8,300000,494375,510000,700000
137,Queens,SO. JAMAICA-BAISLEY PARK ,01 ONE FAMILY HOMES     ,262,200000,357033,355500,815000
138,Queens,SO. JAMAICA-BAISLEY PARK ,02 TWO FAMILY HOMES     ,120,200000,506964,529520,832990
139,Queens,SO. JAMAICA-BAISLEY PARK ,03 THREE FAMILY HOMES   ,2,433000,632750,632750,832500
140,Queens,SOUTH JAMAICA            ,01 ONE FAMILY HOMES     ,140,200000,362346,369500,697148
141,Queens,SOUTH JAMAICA            ,02 TWO FAMILY HOMES     ,144,200500,461717,472500,750000
142,Queens,SOUTH JAMAICA            ,03 THREE FAMILY HOMES   ,20,240000,493780,515150,725000
143,Queens,SOUTH OZONE PARK         ,01 ONE FAMILY HOMES     ,199,215000,427237,417000,845000
144,Queens,SOUTH OZONE PARK         ,02 TWO FAMILY HOMES     ,102,205000,538174,540000,850000
145,Queens,SOUTH OZONE PARK         ,03 THREE FAMILY HOMES   ,3,435000,598000,460000,899000
146,Queens,SPRINGFIELD GARDENS      ,01 ONE FAMILY HOMES     ,205,200000,384062,375000,770000
147,Queens,SPRINGFIELD GARDENS      ,02 TWO FAMILY HOMES     ,144,200000,518511,530000,889800
148,Queens,SPRINGFIELD GARDENS      ,03 THREE FAMILY HOMES   ,1,620000,620000,620000,620000
149,Queens,ST. ALBANS               ,01 ONE FAMILY HOMES     ,249,200000,392919,397500,735000
150,Queens,ST. ALBANS               ,02 TWO FAMILY HOMES     ,114,200000,464073,459500,1950000
151,Queens,ST. ALBANS               ,03 THREE FAMILY HOMES   ,3,410000,545000,525000,700000
152,Queens,SUNNYSIDE                ,01 ONE FAMILY HOMES     ,13,300000,858077,877000,1300000
153,Queens,SUNNYSIDE                ,02 TWO FAMILY HOMES     ,23,300000,974252,970000,1500000
154,Queens,SUNNYSIDE                ,03 THREE FAMILY HOMES   ,9,400000,998944,977500,1550000
155,Queens,WHITESTONE               ,01 ONE FAMILY HOMES     ,137,375000,877871,775118,3000000
156,Queens,WHITESTONE               ,02 TWO FAMILY HOMES     ,59,392148,1038217,988800,1650000
157,Queens,WHITESTONE               ,03 THREE FAMILY HOMES   ,5,990000,1163600,1190000,1320000
158,Queens,WOODHAVEN                ,01 ONE FAMILY HOMES     ,119,200000,460016,460000,960000
159,Queens,WOODHAVEN                ,02 TWO FAMILY HOMES     ,123,210000,614286,635000,1280000
160,Queens,WOODHAVEN                ,03 THREE FAMILY HOMES   ,26,252534,650097,637000,980000
161,Queens,WOODSIDE                 ,01 ONE FAMILY HOMES     ,18,207050,695293,680000,999990
162,Queens,WOODSIDE                 ,02 TWO FAMILY HOMES     ,34,350000,829434,834000,1168750
163,Queens,WOODSIDE                 ,03 THREE FAMILY HOMES   ,16,600000,1228378,1152500,2804340
0,Staten Island,ANNADALE                 ,01 ONE FAMILY HOMES     ,88,275000,611759,578250,2000000
1,Staten Island,ANNADALE                 ,02 TWO FAMILY HOMES     ,48,200000,789706,791129,1450000
2,Staten Island,ARDEN HEIGHTS            ,01 ONE FAMILY HOMES     ,170,200000,360338,345000,620000
3,Staten Island,ARDEN HEIGHTS            ,02 TWO FAMILY HOMES     ,29,278545,541301,528000,955000
4,Staten Island,ARROCHAR                 ,01 ONE FAMILY HOMES     ,16,225000,591350,537500,1400000
5,Staten Island,ARROCHAR                 ,02 TWO FAMILY HOMES     ,5,497500,632500,560000,830000
6,Staten Island,ARROCHAR                 ,03 THREE FAMILY HOMES   ,4,450000,616250,575000,865000
7,Staten Island,ARROCHAR-SHORE ACRES     ,01 ONE FAMILY HOMES     ,12,239304,397488,364444,590000
8,Staten Island,ARROCHAR-SHORE ACRES     ,02 TWO FAMILY HOMES     ,5,350500,497100,470000,715000
9,Staten Island,ARROCHAR-SHORE ACRES     ,03 THREE FAMILY HOMES   ,1,606000,606000,606000,606000
10,Staten Island,BLOOMFIELD               ,01 ONE FAMILY HOMES     ,1,499900,499900,499900,499900
11,Staten Island,BULLS HEAD               ,01 ONE FAMILY HOMES     ,130,200000,421408,407788,815000
12,Staten Island,BULLS HEAD               ,02 TWO FAMILY HOMES     ,56,240000,522592,497500,800000
13,Staten Island,BULLS HEAD               ,03 THREE FAMILY HOMES   ,1,570000,570000,570000,570000
14,Staten Island,CASTLETON CORNERS        ,01 ONE FAMILY HOMES     ,71,215000,492085,480000,799326
15,Staten Island,CASTLETON CORNERS        ,02 TWO FAMILY HOMES     ,17,240000,541882,554500,832000
16,Staten Island,CASTLETON CORNERS        ,03 THREE FAMILY HOMES   ,1,503200,503200,503200,503200
17,Staten Island,CLOVE LAKES              ,01 ONE FAMILY HOMES     ,61,200000,525280,500000,1355000
18,Staten Island,CLOVE LAKES              ,02 TWO FAMILY HOMES     ,6,290000,531833,492000,825000
19,Staten Island,CONCORD                  ,01 ONE FAMILY HOMES     ,64,210000,347537,327500,687030
20,Staten Island,CONCORD                  ,02 TWO FAMILY HOMES     ,15,227000,394725,350000,680000
21,Staten Island,CONCORD                  ,03 THREE FAMILY HOMES   ,1,495000,495000,495000,495000
22,Staten Island,CONCORD-FOX HILLS        ,01 ONE FAMILY HOMES     ,14,249000,328185,316125,448000
23,Staten Island,DONGAN HILLS             ,01 ONE FAMILY HOMES     ,34,235300,538313,519000,804417
24,Staten Island,DONGAN HILLS             ,02 TWO FAMILY HOMES     ,19,292000,663252,650000,915406
25,Staten Island,DONGAN HILLS             ,03 THREE FAMILY HOMES   ,1,760000,760000,760000,760000
26,Staten Island,DONGAN HILLS-COLONY      ,01 ONE FAMILY HOMES     ,23,420000,848899,885000,1800000
27,Staten Island,DONGAN HILLS-COLONY      ,02 TWO FAMILY HOMES     ,4,500000,657500,680000,770000
28,Staten Island,DONGAN HILLS-COLONY      ,03 THREE FAMILY HOMES   ,2,399000,662000,662000,925000
29,Staten Island,DONGAN HILLS-OLD TOWN    ,01 ONE FAMILY HOMES     ,2,277000,318500,318500,360000
30,Staten Island,DONGAN HILLS-OLD TOWN    ,02 TWO FAMILY HOMES     ,1,625000,625000,625000,625000
31,Staten Island,ELTINGVILLE              ,01 ONE FAMILY HOMES     ,145,216000,496777,465000,3800000
32,Staten Island,ELTINGVILLE              ,02 TWO FAMILY HOMES     ,54,200000,627134,627000,905224
33,Staten Island,EMERSON HILL             ,01 ONE FAMILY HOMES     ,9,520000,1132222,995000,2400000
34,Staten Island,EMERSON HILL             ,02 TWO FAMILY HOMES     ,4,472500,685625,710000,850000
35,Staten Island,FRESH KILLS              ,01 ONE FAMILY HOMES     ,1,309003,309003,309003,309003
36,Staten Island,GRANT CITY               ,01 ONE FAMILY HOMES     ,34,207000,483325,469500,875000
37,Staten Island,GRANT CITY               ,02 TWO FAMILY HOMES     ,13,410000,612406,600000,905000
38,Staten Island,GRASMERE                 ,01 ONE FAMILY HOMES     ,44,200000,553267,529745,1250000
39,Staten Island,GRASMERE                 ,02 TWO FAMILY HOMES     ,12,450000,664583,565000,1040000
40,Staten Island,GREAT KILLS              ,01 ONE FAMILY HOMES     ,371,225000,455336,446000,1200000
41,Staten Island,GREAT KILLS              ,02 TWO FAMILY HOMES     ,104,233000,593262,597500,955000
42,Staten Island,GREAT KILLS              ,03 THREE FAMILY HOMES   ,1,570000,570000,570000,570000
43,Staten Island,GREAT KILLS-BAY TERRACE  ,01 ONE FAMILY HOMES     ,20,360000,472183,448000,727650
44,Staten Island,GREAT KILLS-BAY TERRACE  ,02 TWO FAMILY HOMES     ,14,290000,580298,600000,780000
45,Staten Island,GRYMES HILL              ,01 ONE FAMILY HOMES     ,18,425000,745111,637250,1950000
46,Staten Island,GRYMES HILL              ,02 TWO FAMILY HOMES     ,6,340000,436150,463500,500000
47,Staten Island,HUGUENOT                 ,01 ONE FAMILY HOMES     ,58,205000,672229,617500,1781937
48,Staten Island,HUGUENOT                 ,02 TWO FAMILY HOMES     ,29,300000,780759,772500,1555000
49,Staten Island,LIVINGSTON               ,01 ONE FAMILY HOMES     ,16,237151,422902,422500,740000
50,Staten Island,LIVINGSTON               ,02 TWO FAMILY HOMES     ,4,350000,530228,542956,685000
51,Staten Island,LIVINGSTON               ,03 THREE FAMILY HOMES   ,1,314340,314340,314340,314340
52,Staten Island,MANOR HEIGHTS            ,01 ONE FAMILY HOMES     ,77,200000,562672,545000,1175000
53,Staten Island,MANOR HEIGHTS            ,02 TWO FAMILY HOMES     ,16,408000,565084,559500,750000
54,Staten Island,MARINERS HARBOR          ,01 ONE FAMILY HOMES     ,78,200000,337805,317500,1300000
55,Staten Island,MARINERS HARBOR          ,02 TWO FAMILY HOMES     ,38,205336,379397,367543,616166
56,Staten Island,MARINERS HARBOR          ,03 THREE FAMILY HOMES   ,1,419000,419000,419000,419000
57,Staten Island,MIDLAND BEACH            ,01 ONE FAMILY HOMES     ,163,202000,413416,415000,916808
58,Staten Island,MIDLAND BEACH            ,02 TWO FAMILY HOMES     ,23,300000,573574,588500,780000
59,Staten Island,NEW BRIGHTON             ,01 ONE FAMILY HOMES     ,43,220000,371692,378000,550000
60,Staten Island,NEW BRIGHTON             ,02 TWO FAMILY HOMES     ,47,205000,355383,330000,695000
61,Staten Island,NEW BRIGHTON             ,03 THREE FAMILY HOMES   ,11,255000,335022,300000,637899
62,Staten Island,NEW DORP                 ,01 ONE FAMILY HOMES     ,73,225000,471319,455500,875000
63,Staten Island,NEW DORP                 ,02 TWO FAMILY HOMES     ,28,200000,599338,602500,911333
64,Staten Island,NEW DORP-BEACH           ,01 ONE FAMILY HOMES     ,58,208000,373777,366000,773870
65,Staten Island,NEW DORP-BEACH           ,02 TWO FAMILY HOMES     ,17,250000,461408,460000,679000
66,Staten Island,NEW DORP-HEIGHTS         ,01 ONE FAMILY HOMES     ,61,250000,583058,513500,999000
67,Staten Island,NEW DORP-HEIGHTS         ,02 TWO FAMILY HOMES     ,12,255000,553833,535000,840000
68,Staten Island,NEW SPRINGVILLE          ,01 ONE FAMILY HOMES     ,108,217875,465846,466960,800000
69,Staten Island,NEW SPRINGVILLE          ,02 TWO FAMILY HOMES     ,70,214500,593506,609000,790000
70,Staten Island,NEW SPRINGVILLE          ,03 THREE FAMILY HOMES   ,2,625000,633500,633500,642000
71,Staten Island,OAKWOOD                  ,01 ONE FAMILY HOMES     ,26,244000,565552,547000,939134
72,Staten Island,OAKWOOD                  ,02 TWO FAMILY HOMES     ,2,620000,637500,637500,655000
73,Staten Island,OAKWOOD-BEACH            ,01 ONE FAMILY HOMES     ,49,300000,467123,434720,840056
74,Staten Island,OAKWOOD-BEACH            ,02 TWO FAMILY HOMES     ,8,530500,667688,665000,790000
75,Staten Island,PLEASANT PLAINS          ,01 ONE FAMILY HOMES     ,28,320000,622904,532450,1475000
76,Staten Island,PLEASANT PLAINS          ,02 TWO FAMILY HOMES     ,12,418000,853587,927500,1100000
77,Staten Island,PORT IVORY               ,01 ONE FAMILY HOMES     ,15,235000,288337,286200,410000
78,Staten Island,PORT IVORY               ,02 TWO FAMILY HOMES     ,9,220000,349784,305000,514000
79,Staten Island,PORT RICHMOND            ,01 ONE FAMILY HOMES     ,68,200000,367515,377500,640472
80,Staten Island,PORT RICHMOND            ,02 TWO FAMILY HOMES     ,65,200000,399415,410000,692410
81,Staten Island,PORT RICHMOND            ,03 THREE FAMILY HOMES   ,4,255000,414057,313114,775000
82,Staten Island,PRINCES BAY              ,01 ONE FAMILY HOMES     ,60,255000,642875,555250,1513687
83,Staten Island,PRINCES BAY              ,02 TWO FAMILY HOMES     ,51,485000,692824,600666,1204000
84,Staten Island,RICHMONDTOWN             ,01 ONE FAMILY HOMES     ,48,225000,690996,635000,2300000
85,Staten Island,RICHMONDTOWN             ,02 TWO FAMILY HOMES     ,3,567000,612333,620000,650000
86,Staten Island,RICHMONDTOWN-LIGHTHS HILL,01 ONE FAMILY HOMES     ,12,242000,725782,732750,1170000
87,Staten Island,ROSEBANK                 ,01 ONE FAMILY HOMES     ,93,235000,419713,400000,994000
88,Staten Island,ROSEBANK                 ,02 TWO FAMILY HOMES     ,24,235000,468912,455000,685000
89,Staten Island,ROSEBANK                 ,03 THREE FAMILY HOMES   ,6,220000,516167,537500,727000
90,Staten Island,ROSSVILLE                ,01 ONE FAMILY HOMES     ,54,210000,489638,385500,1400000
91,Staten Island,ROSSVILLE                ,02 TWO FAMILY HOMES     ,23,300750,663044,679100,980000
92,Staten Island,ROSSVILLE-CHARLESTON     ,01 ONE FAMILY HOMES     ,27,362697,565000,570000,715000
93,Staten Island,ROSSVILLE-CHARLESTON     ,02 TWO FAMILY HOMES     ,3,500011,626670,660000,720000
94,Staten Island,ROSSVILLE-PORT MOBIL     ,01 ONE FAMILY HOMES     ,1,750000,750000,750000,750000
95,Staten Island,ROSSVILLE-RICHMOND VALLEY,01 ONE FAMILY HOMES     ,5,320000,368876,339900,440000
96,Staten Island,ROSSVILLE-RICHMOND VALLEY,02 TWO FAMILY HOMES     ,4,850238,892640,880211,959900
97,Staten Island,SILVER LAKE              ,01 ONE FAMILY HOMES     ,30,245000,613884,615000,1150000
98,Staten Island,SILVER LAKE              ,02 TWO FAMILY HOMES     ,11,405000,640666,690000,916323
99,Staten Island,SOUTH BEACH              ,01 ONE FAMILY HOMES     ,110,200000,421046,413000,805000
100,Staten Island,SOUTH BEACH              ,02 TWO FAMILY HOMES     ,35,257000,567028,547000,915000
101,Staten Island,SOUTH BEACH              ,03 THREE FAMILY HOMES   ,1,565000,565000,565000,565000
102,Staten Island,STAPLETON                ,01 ONE FAMILY HOMES     ,34,227688,350019,317500,740000
103,Staten Island,STAPLETON                ,02 TWO FAMILY HOMES     ,19,215000,371163,334620,750000
104,Staten Island,STAPLETON                ,03 THREE FAMILY HOMES   ,4,250000,350440,275880,600000
105,Staten Island,STAPLETON-CLIFTON        ,01 ONE FAMILY HOMES     ,62,250000,389294,385218,550000
106,Staten Island,STAPLETON-CLIFTON        ,02 TWO FAMILY HOMES     ,4,473000,643250,692500,715000
107,Staten Island,STAPLETON-CLIFTON        ,03 THREE FAMILY HOMES   ,1,625000,625000,625000,625000
108,Staten Island,SUNNYSIDE                ,01 ONE FAMILY HOMES     ,23,300000,447528,435000,610000
109,Staten Island,SUNNYSIDE                ,02 TWO FAMILY HOMES     ,13,325000,563585,570000,810000
110,Staten Island,TODT HILL                ,01 ONE FAMILY HOMES     ,23,775000,1567391,1555000,2740000
111,Staten Island,TOMPKINSVILLE            ,01 ONE FAMILY HOMES     ,12,265000,503042,483750,775000
112,Staten Island,TOMPKINSVILLE            ,02 TWO FAMILY HOMES     ,9,217908,357101,360000,600000
113,Staten Island,TOTTENVILLE              ,01 ONE FAMILY HOMES     ,93,225000,542836,475000,2855000
114,Staten Island,TOTTENVILLE              ,02 TWO FAMILY HOMES     ,76,298649,715988,745000,1075000
115,Staten Island,TRAVIS                   ,01 ONE FAMILY HOMES     ,54,225000,429085,432500,719000
116,Staten Island,TRAVIS                   ,02 TWO FAMILY HOMES     ,7,328640,524257,525000,757162
117,Staten Island,WEST NEW BRIGHTON        ,01 ONE FAMILY HOMES     ,109,200000,415247,385000,860000
118,Staten Island,WEST NEW BRIGHTON        ,02 TWO FAMILY HOMES     ,51,200000,459828,420000,1070000
119,Staten Island,WEST NEW BRIGHTON        ,03 THREE FAMILY HOMES   ,1,300000,300000,300000,300000
120,Staten Island,WESTERLEIGH              ,01 ONE FAMILY HOMES     ,98,235000,486699,476750,850000
121,Staten Island,WESTERLEIGH              ,02 TWO FAMILY HOMES     ,40,221699,575091,600000,875695
122,Staten Island,WILLOWBROOK              ,01 ONE FAMILY HOMES     ,94,252500,536791,485185,1900000
123,Staten Island,WILLOWBROOK              ,02 TWO FAMILY HOMES     ,45,320000,622919,650000,930000
124,Staten Island,WOODROW                  ,01 ONE FAMILY HOMES     ,72,288000,477576,476500,1060000
125,Staten Island,WOODROW                  ,02 TWO FAMILY HOMES     ,29,304200,620527,580000,1115000