Job Title,Level,Annual Mean,PRSE,Group
All,total,62870,0.6,Major Group
Management,major,161960,0.7,Major Group
Chief Executives,detailed,248670,2,Management
General and Operations Managers,detailed,166470,0.9,Management
Legislators,detailed,63050,4.9,Management
Advertising and Promotions Managers,detailed,174680,2.4,Management
Marketing Managers,detailed,192460,1.1,Management
Sales Managers,detailed,195060,1.2,Management
Public Relations and Fundraising Managers,detailed,173290,2.4,Management
Administrative Services Managers,detailed,137870,0.8,Management
Computer and Information Systems Managers,detailed,194350,1.6,Management
Financial Managers,detailed,204070,1.3,Management
Industrial Production Managers,detailed,138620,1.4,Management
Purchasing Managers,detailed,158210,1.5,Management
"Transportation, Storage, and Distribution Managers",detailed,121480,1.2,Management
Compensation and Benefits Managers,detailed,164300,3.3,Management
Human Resources Managers,detailed,154250,2.9,Management
Training and Development Managers,detailed,152220,1.4,Management
"Farmers, Ranchers, and Other Agricultural Managers",detailed,77940,9.3,Management
Construction Managers,detailed,132520,2.3,Management
"Education Administrators, Preschool and Childcare Center/Program",detailed,72720,3.7,Management
"Education Administrators, Elementary and Secondary School",detailed,132860,2.4,Management
"Education Administrators, Postsecondary",detailed,125390,2.3,Management
"Education Administrators, All Other",detailed,103330,3.1,Management
Architectural and Engineering Managers,detailed,166540,1.4,Management
Food Service Managers,detailed,78450,2,Management
Funeral Service Managers,detailed,130280,14.8,Management
Lodging Managers,detailed,87750,4.1,Management
Medical and Health Services Managers,detailed,138190,1.6,Management
Natural Sciences Managers,detailed,180990,2.7,Management
Postmasters and Mail Superintendents,detailed,81280,0.9,Management
"Property, Real Estate, and Community Association Managers",detailed,106010,3.3,Management
Social and Community Service Managers,detailed,91690,1.1,Management
Emergency Management Directors,detailed,111320,3.1,Management
"Managers, All Other",detailed,140450,1.3,Management
Business and Financial Operations,major,97410,0.9,Major Group
"Agents and Business Managers of Artists, Performers, and Athletes",detailed,102040,7.6,Business and Financial Operations
Buyers and Purchasing Agents,detailed,77640,1.2,Business and Financial Operations
"Claims Adjusters, Examiners, and Investigators",detailed,73270,1.5,Business and Financial Operations
"Insurance Appraisers, Auto Damage",detailed,68550,3.8,Business and Financial Operations
Compliance Officers,detailed,81470,0.9,Business and Financial Operations
Cost Estimators,detailed,78070,2,Business and Financial Operations
Human Resources Specialists,detailed,78760,1.1,Business and Financial Operations
Labor Relations Specialists,detailed,87160,5.2,Business and Financial Operations
Logisticians,detailed,84250,1.2,Business and Financial Operations
Management Analysts,detailed,115530,1.9,Business and Financial Operations
"Meeting, Convention, and Event Planners",detailed,67010,3.7,Business and Financial Operations
Fundraisers,detailed,67490,2.3,Business and Financial Operations
"Compensation, Benefits, and Job Analysis Specialists",detailed,80820,1.3,Business and Financial Operations
Training and Development Specialists,detailed,73580,1.8,Business and Financial Operations
Market Research Analysts and Marketing Specialists,detailed,81630,1,Business and Financial Operations
"Business Operations Specialists, All Other",detailed,81370,0.8,Business and Financial Operations
Accountants and Auditors,detailed,99140,1.3,Business and Financial Operations
Appraisers and Assessors of Real Estate,detailed,77670,6.6,Business and Financial Operations
Budget Analysts,detailed,83170,1.3,Business and Financial Operations
Credit Analysts,detailed,118610,2.5,Business and Financial Operations
Financial Analysts,detailed,135110,2.1,Business and Financial Operations
Personal Financial Advisors,detailed,163710,2.7,Business and Financial Operations
Insurance Underwriters,detailed,101320,3.4,Business and Financial Operations
Financial Examiners,detailed,118190,3,Business and Financial Operations
Credit Counselors,detailed,59150,1.7,Business and Financial Operations
Loan Officers,detailed,112860,4.4,Business and Financial Operations
"Tax Examiners and Collectors, and Revenue Agents",detailed,76250,0.9,Business and Financial Operations
Tax Preparers,detailed,56550,8.6,Business and Financial Operations
"Financial Specialists, All Other",detailed,96730,2.7,Business and Financial Operations
Computer and Mathematical,major,102610,0.8,Major Group
Computer and Information Research Scientists,detailed,135030,2.8,Computer and Information Research Scientists
Computer Systems Analysts,detailed,111010,1.4,Computer and Information Research Scientists
Information Security Analysts,detailed,125570,1.5,Computer and Information Research Scientists
Computer Programmers,detailed,94970,2.1,Computer and Information Research Scientists
"Software Developers, Applications",detailed,116260,1.1,Computer and Information Research Scientists
"Software Developers, Systems Software",detailed,120380,1.1,Computer and Information Research Scientists
Web Developers,detailed,84910,1.7,Computer and Information Research Scientists
Database Administrators,detailed,102120,1.2,Computer and Information Research Scientists
Network and Computer Systems Administrators,detailed,100750,0.8,Computer and Information Research Scientists
Computer Network Architects,detailed,121400,3.1,Computer and Information Research Scientists
Computer User Support Specialists,detailed,63310,1.1,Computer and Information Research Scientists
Computer Network Support Specialists,detailed,82620,1.4,Computer and Information Research Scientists
"Computer , All Other",detailed,99100,4,Computer and Information Research Scientists
Actuaries,detailed,142510,4.9,Computer and Information Research Scientists
Mathematicians,detailed,101340,4.2,Computer and Information Research Scientists
Operations Research Analysts,detailed,107770,2.5,Computer and Information Research Scientists
Statisticians,detailed,108930,2.7,Computer and Information Research Scientists
Miscellaneous Mathematical Science,detailed,107730,9.8,Computer and Information Research Scientists
Architecture and Engineering,major,91520,1,Major Group
"Architects, Except Landscape and Naval",detailed,100860,4,Architecture and Engineering
Landscape Architects,detailed,78720,5.4,Architecture and Engineering
Cartographers and Photogrammetrists,detailed,71390,10.4,Architecture and Engineering
Surveyors,detailed,74180,3.8,Architecture and Engineering
Aerospace Engineers,detailed,106370,4.3,Architecture and Engineering
Biomedical Engineers,detailed,107220,3.9,Architecture and Engineering
Chemical Engineers,detailed,101250,2.4,Architecture and Engineering
Civil Engineers,detailed,100850,1.4,Architecture and Engineering
Computer Hardware Engineers,detailed,113880,2.6,Architecture and Engineering
Electrical Engineers,detailed,105700,1.4,Architecture and Engineering
"Electronics Engineers, Except Computer",detailed,105030,1.6,Architecture and Engineering
Environmental Engineers,detailed,96390,2.4,Architecture and Engineering
"Health and Safety Engineers, Except Mining Safety Engineers and Inspectors",detailed,99500,2.9,Architecture and Engineering
Industrial Engineers,detailed,100100,4.7,Architecture and Engineering
Materials Engineers,detailed,98250,2.5,Architecture and Engineering
Mechanical Engineers,detailed,95360,1.3,Architecture and Engineering
"Mining and Geological Engineers, Including Mining Safety Engineers",detailed,90350,3,Architecture and Engineering
Nuclear Engineers,detailed,120990,2.5,Architecture and Engineering
Petroleum Engineers,detailed,193950,6.4,Architecture and Engineering
"Engineers, All Other",detailed,105450,1.9,Architecture and Engineering
Architectural and Civil Drafters,detailed,57820,1.8,Architecture and Engineering
Electrical and Electronics Drafters,detailed,69420,7.5,Architecture and Engineering
Mechanical Drafters,detailed,66000,3.6,Architecture and Engineering
"Drafters, All Other",detailed,64730,3.8,Architecture and Engineering
Aerospace Engineering and Operations Technicians,detailed,61970,2.2,Architecture and Engineering
Civil Engineering Technicians,detailed,0,*,Architecture and Engineering
Electrical and Electronics Engineering Technicians,detailed,70020,1.4,Architecture and Engineering
Electro-Mechanical Technicians,detailed,64710,6.5,Architecture and Engineering
Environmental Engineering Technicians,detailed,60670,5,Architecture and Engineering
Industrial Engineering Technicians,detailed,59860,2.9,Architecture and Engineering
Mechanical Engineering Technicians,detailed,61750,4.8,Architecture and Engineering
"Engineering Technicians, Except Drafters, All Other",detailed,69030,2.9,Architecture and Engineering
Surveying and Mapping Technicians,detailed,54670,3,Architecture and Engineering
"Life, Physical, and Social Science",major,87460,2.8,Major Group
Food Scientists and Technologists,detailed,79340,4.7,"Life, Physical, and Social Science"
Soil and Plant Scientists,detailed,70380,6.4,"Life, Physical, and Social Science"
Biochemists and Biophysicists,detailed,139550,7.9,"Life, Physical, and Social Science"
Microbiologists,detailed,76880,2.7,"Life, Physical, and Social Science"
Zoologists and Wildlife Biologists,detailed,76230,2.1,"Life, Physical, and Social Science"
"Biological Scientists, All Other",detailed,87390,1.9,"Life, Physical, and Social Science"
Conservation Scientists,detailed,0,*,"Life, Physical, and Social Science"
Foresters,detailed,67340,4.6,"Life, Physical, and Social Science"
Epidemiologists,detailed,92650,5.4,"Life, Physical, and Social Science"
"Medical Scientists, Except Epidemiologists",detailed,101320,4.3,"Life, Physical, and Social Science"
"Life Scientists, All Other",detailed,87460,7.3,"Life, Physical, and Social Science"
Physicists,detailed,141810,6.3,"Life, Physical, and Social Science"
Atmospheric and Space Scientists,detailed,101710,4.8,"Life, Physical, and Social Science"
Chemists,detailed,88700,2,"Life, Physical, and Social Science"
Materials Scientists,detailed,104120,3.8,"Life, Physical, and Social Science"
"Environmental Scientists and Specialists, Including Health",detailed,86580,2.8,"Life, Physical, and Social Science"
"Geoscientists, Except Hydrologists and Geographers",detailed,81040,4.1,"Life, Physical, and Social Science"
Hydrologists,detailed,85200,3.6,"Life, Physical, and Social Science"
"Physical Scientists, All Other",detailed,97770,2.7,"Life, Physical, and Social Science"
Economists,detailed,138200,3.9,"Life, Physical, and Social Science"
Survey Researchers,detailed,61640,3.2,"Life, Physical, and Social Science"
"Clinical, Counseling, and School Psychologists",detailed,96790,2.8,"Life, Physical, and Social Science"
"Psychologists, All Other",detailed,99750,2,"Life, Physical, and Social Science"
Sociologists,detailed,72620,7.8,"Life, Physical, and Social Science"
Urban and Regional Planners,detailed,82020,3.8,"Life, Physical, and Social Science"
Anthropologists and Archeologists,detailed,69850,10,"Life, Physical, and Social Science"
Historians,detailed,65200,3.9,"Life, Physical, and Social Science"
Political Scientists,detailed,121800,3.2,"Life, Physical, and Social Science"
"Social Scientists and Related Workers, All Other",detailed,84910,2.5,"Life, Physical, and Social Science"
Agricultural and Food Science Technicians,detailed,55720,6.8,"Life, Physical, and Social Science"
Biological Technicians,detailed,50900,1.8,"Life, Physical, and Social Science"
Chemical Technicians,detailed,61580,7.4,"Life, Physical, and Social Science"
Geological and Petroleum Technicians,detailed,69550,13.8,"Life, Physical, and Social Science"
Nuclear Technicians,detailed,110790,3,"Life, Physical, and Social Science"
Social Science Research Assistants,detailed,57650,2.1,"Life, Physical, and Social Science"
"Environmental Science and Protection Technicians, Including Health",detailed,56090,2.8,"Life, Physical, and Social Science"
Forensic Science Technicians,detailed,68110,1.8,"Life, Physical, and Social Science"
Forest and Conservation Technicians,detailed,35590,6.1,"Life, Physical, and Social Science"
"Life, Physical, and Social Science Technicians, All Other",detailed,57320,2.4,"Life, Physical, and Social Science"
Community and Social Service,major,54830,1.4,Major Group
"Educational, Guidance, School, and Vocational Counselors",detailed,72200,3.3,Community and Social Service
Marriage and Family Therapists,detailed,68910,2.4,Community and Social Service
Rehabilitation Counselors,detailed,41010,2.9,Community and Social Service
"Substance Abuse, Behavioral Disorder, and Mental Health Counselors",detailed,52960,1.7,Community and Social Service
"Counselors, All Other",detailed,59300,3.3,Community and Social Service
"Child, Family, and School Social Workers",detailed,60330,3,Community and Social Service
Healthcare Social Workers,detailed,64530,1.2,Community and Social Service
Mental Health and Substance Abuse Social Workers,detailed,64630,3.1,Community and Social Service
"Social Workers, All Other",detailed,68990,1.6,Community and Social Service
Health Educators,detailed,58380,3.9,Community and Social Service
Probation Officers and Correctional Treatment Specialists,detailed,74550,1.2,Community and Social Service
Social and Human Service Assistants,detailed,36600,1.1,Community and Social Service
Community Health Workers,detailed,47180,3.2,Community and Social Service
"Community and Social Service Specialists, All Other",detailed,54970,2.3,Community and Social Service
Clergy,detailed,56630,4.6,Community and Social Service
"Directors, Religious Activities and Education",detailed,45950,5.9,Community and Social Service
"Religious Workers, All Other",detailed,33500,9.9,Community and Social Service
Legal,major,137610,2.3,Major Group
Lawyers,detailed,170530,2.3,Legal
Judicial Law Clerks,detailed,67640,1.9,Legal
"Administrative Law Judges, Adjudicators, and Hearing Officers",detailed,98960,1.6,Legal
"Arbitrators, Mediators, and Conciliators",detailed,86980,6.2,Legal
"Judges, Magistrate Judges, and Magistrates",detailed,157770,1.4,Legal
Paralegals and Legal Assistants,detailed,61110,1.7,Legal
Court Reporters,detailed,83220,5.1,Legal
"Title Examiners, Abstractors, and Searchers",detailed,54370,4.3,Legal
"Legal Support Workers, All Other",detailed,64530,4.8,Legal
"Education, Training, and Library",major,68140,1.6,Major Group
"Business Teachers, Postsecondary",detailed,110210,4.7,"Education, Training, and Library"
"Computer Science Teachers, Postsecondary",detailed,105490,2.6,"Education, Training, and Library"
"Mathematical Science Teachers, Postsecondary",detailed,105300,3.6,"Education, Training, and Library"
"Architecture Teachers, Postsecondary",detailed,123760,10.9,"Education, Training, and Library"
"Engineering Teachers, Postsecondary",detailed,125470,3.9,"Education, Training, and Library"
"Agricultural Sciences Teachers, Postsecondary",detailed,84780,3.8,"Education, Training, and Library"
"Biological Science Teachers, Postsecondary",detailed,100650,3.6,"Education, Training, and Library"
"Atmospheric, Earth, Marine, and Space Sciences Teachers, Postsecondary",detailed,107520,3,"Education, Training, and Library"
"Chemistry Teachers, Postsecondary",detailed,105650,2.5,"Education, Training, and Library"
"Environmental Science Teachers, Postsecondary",detailed,106470,4.3,"Education, Training, and Library"
"Physics Teachers, Postsecondary",detailed,115170,2.8,"Education, Training, and Library"
"Anthropology and Archeology Teachers, Postsecondary",detailed,119000,4.1,"Education, Training, and Library"
"Area, Ethnic, and Cultural Studies Teachers, Postsecondary",detailed,103110,7.4,"Education, Training, and Library"
"Economics Teachers, Postsecondary",detailed,126390,5.4,"Education, Training, and Library"
"Geography Teachers, Postsecondary",detailed,95700,10.6,"Education, Training, and Library"
"Political Science Teachers, Postsecondary",detailed,117170,9.1,"Education, Training, and Library"
"Psychology Teachers, Postsecondary",detailed,101870,4.2,"Education, Training, and Library"
"Sociology Teachers, Postsecondary",detailed,94070,4.2,"Education, Training, and Library"
"Social Sciences Teachers, Postsecondary, All Other",detailed,105690,3.2,"Education, Training, and Library"
"Health Specialties Teachers, Postsecondary",detailed,119350,3.1,"Education, Training, and Library"
"Nursing Instructors and Teachers, Postsecondary",detailed,102030,2,"Education, Training, and Library"
"Education Teachers, Postsecondary",detailed,90630,4.9,"Education, Training, and Library"
"Library Science Teachers, Postsecondary",detailed,81660,1.8,"Education, Training, and Library"
"Criminal Justice and Law Enforcement Teachers, Postsecondary",detailed,68900,7.6,"Education, Training, and Library"
"Law Teachers, Postsecondary",detailed,136640,7.4,"Education, Training, and Library"
"Social Work Teachers, Postsecondary",detailed,91960,6.3,"Education, Training, and Library"
"Art, Drama, and Music Teachers, Postsecondary",detailed,96430,4.8,"Education, Training, and Library"
"Communications Teachers, Postsecondary",detailed,93740,4.9,"Education, Training, and Library"
"English Language and Literature Teachers, Postsecondary",detailed,93840,2.9,"Education, Training, and Library"
"Foreign Language and Literature Teachers, Postsecondary",detailed,91280,3.4,"Education, Training, and Library"
"History Teachers, Postsecondary",detailed,94050,3.1,"Education, Training, and Library"
"Philosophy and Religion Teachers, Postsecondary",detailed,83520,2.9,"Education, Training, and Library"
Graduate Teaching Assistants,detailed,40680,5.2,"Education, Training, and Library"
"Recreation and Fitness Studies Teachers, Postsecondary",detailed,89400,4.5,"Education, Training, and Library"
"Vocational Education Teachers, Postsecondary",detailed,65210,3.1,"Education, Training, and Library"
"Preschool Teachers, Except Special Education",detailed,45930,9.6,"Education, Training, and Library"
"Kindergarten Teachers, Except Special Education",detailed,77520,2,"Education, Training, and Library"
"Elementary School Teachers, Except Special Education",detailed,81760,1.9,"Education, Training, and Library"
"Middle School Teachers, Except Special and Career/Technical Education",detailed,81360,1.3,"Education, Training, and Library"
"Career/Technical Education Teachers, Middle School",detailed,85110,4.9,"Education, Training, and Library"
"Secondary School Teachers, Except Special and Career/Technical Education",detailed,87260,1.8,"Education, Training, and Library"
"Career/Technical Education Teachers, Secondary School",detailed,77120,4.9,"Education, Training, and Library"
"Special Education Teachers, Preschool",detailed,78860,8.2,"Education, Training, and Library"
"Special Education Teachers, Kindergarten and Elementary School",detailed,76820,1.7,"Education, Training, and Library"
"Special Education Teachers, Middle School",detailed,79370,1.5,"Education, Training, and Library"
"Special Education Teachers, Secondary School",detailed,88450,3.2,"Education, Training, and Library"
"Special Education Teachers, All Other",detailed,83790,7.5,"Education, Training, and Library"
Adult Basic and Secondary Education and Literacy Teachers and Instructors,detailed,73430,4.3,"Education, Training, and Library"
Self-Enrichment Education Teachers,detailed,59770,2.9,"Education, Training, and Library"
"Teachers and Instructors, All Other, Except Substitute Teachers",detailed,52330,4.7,"Education, Training, and Library"
Substitute Teachers,detailed,38030,8.7,"Education, Training, and Library"
Archivists,detailed,55520,3,"Education, Training, and Library"
Curators,detailed,79790,3.5,"Education, Training, and Library"
Museum Technicians and Conservators,detailed,61560,4,"Education, Training, and Library"
Librarians,detailed,70550,0.9,"Education, Training, and Library"
Library Technicians,detailed,35840,1.9,"Education, Training, and Library"
Audio-Visual and Multimedia Collections Specialists,detailed,66600,3.8,"Education, Training, and Library"
Farm and Home Management Advisors,detailed,58190,11.9,"Education, Training, and Library"
Instructional Coordinators,detailed,73490,3,"Education, Training, and Library"
Teacher Assistants,detailed,30350,1.4,"Education, Training, and Library"
"Education, Training, and Library Workers, All Other",detailed,53020,5.9,"Education, Training, and Library"
"Arts, Design, Entertainment, Sports, and Media",major,79220,1.2,Major Group
Art Directors,detailed,126760,1.3,"Arts, Design, Entertainment, Sports, and Media"
Craft Artists,detailed,58810,7.1,"Arts, Design, Entertainment, Sports, and Media"
"Fine Artists, Including Painters, Sculptors, and Illustrators",detailed,70320,6.4,"Arts, Design, Entertainment, Sports, and Media"
Multimedia Artists and Animators,detailed,80550,4.7,"Arts, Design, Entertainment, Sports, and Media"
"Artists and Related Workers, All Other",detailed,75370,8.8,"Arts, Design, Entertainment, Sports, and Media"
Commercial and Industrial Designers,detailed,78440,6.4,"Arts, Design, Entertainment, Sports, and Media"
Fashion Designers,detailed,88580,2.6,"Arts, Design, Entertainment, Sports, and Media"
Floral Designers,detailed,33990,6.1,"Arts, Design, Entertainment, Sports, and Media"
Graphic Designers,detailed,65970,1.6,"Arts, Design, Entertainment, Sports, and Media"
Interior Designers,detailed,65180,3.7,"Arts, Design, Entertainment, Sports, and Media"
Merchandise Displayers and Window Trimmers,detailed,34840,2.6,"Arts, Design, Entertainment, Sports, and Media"
Set and Exhibit Designers,detailed,77690,3.5,"Arts, Design, Entertainment, Sports, and Media"
"Designers, All Other",detailed,73110,5.6,"Arts, Design, Entertainment, Sports, and Media"
Actors,detailed,0,*,"Arts, Design, Entertainment, Sports, and Media"
Producers and Directors,detailed,119280,2.5,"Arts, Design, Entertainment, Sports, and Media"
Athletes and Sports Competitors,detailed,95340,14.6,"Arts, Design, Entertainment, Sports, and Media"
Coaches and Scouts,detailed,56870,4.3,"Arts, Design, Entertainment, Sports, and Media"
"Umpires, Referees, and Other Sports Officials",detailed,0,*,"Arts, Design, Entertainment, Sports, and Media"
Dancers,detailed,0,14.1,"Arts, Design, Entertainment, Sports, and Media"
Choreographers,detailed,88570,11.6,"Arts, Design, Entertainment, Sports, and Media"
Music Directors and Composers,detailed,91760,10.3,"Arts, Design, Entertainment, Sports, and Media"
Musicians and Singers,detailed,0,7.5,"Arts, Design, Entertainment, Sports, and Media"
"Entertainers and Performers, Sports and Related Workers, All Other",detailed,0,8.5,"Arts, Design, Entertainment, Sports, and Media"
Radio and Television Announcers,detailed,87450,12.8,"Arts, Design, Entertainment, Sports, and Media"
Public Address System and Other Announcers,detailed,50690,12.3,"Arts, Design, Entertainment, Sports, and Media"
Broadcast News Analysts,detailed,85890,10.8,"Arts, Design, Entertainment, Sports, and Media"
Reporters and Correspondents,detailed,75920,5.4,"Arts, Design, Entertainment, Sports, and Media"
Public Relations Specialists,detailed,74640,1.8,"Arts, Design, Entertainment, Sports, and Media"
Editors,detailed,83380,1.5,"Arts, Design, Entertainment, Sports, and Media"
Technical Writers,detailed,82610,3.7,"Arts, Design, Entertainment, Sports, and Media"
Writers and Authors,detailed,88230,2.5,"Arts, Design, Entertainment, Sports, and Media"
Interpreters and Translators,detailed,73710,3.7,"Arts, Design, Entertainment, Sports, and Media"
"Media and Communication Workers, All Other",detailed,57150,6,"Arts, Design, Entertainment, Sports, and Media"
Audio and Video Equipment Technicians,detailed,55730,2,"Arts, Design, Entertainment, Sports, and Media"
Broadcast Technicians,detailed,59560,4,"Arts, Design, Entertainment, Sports, and Media"
Radio Operators,detailed,68210,2.8,"Arts, Design, Entertainment, Sports, and Media"
Sound Engineering Technicians,detailed,77850,3.9,"Arts, Design, Entertainment, Sports, and Media"
Photographers,detailed,50620,6.3,"Arts, Design, Entertainment, Sports, and Media"
"Camera Operators, Television, Video, and Motion Picture",detailed,83800,4.1,"Arts, Design, Entertainment, Sports, and Media"
Film and Video Editors,detailed,85080,3.1,"Arts, Design, Entertainment, Sports, and Media"
"Media and Communication Equipment Workers, All Other",detailed,61580,6.9,"Arts, Design, Entertainment, Sports, and Media"
Healthcare Practitioners and Technical,major,96640,0.9,Major Group
"Dentists, General",detailed,164610,5,Healthcare Practitioners and Technical
Oral and Maxillofacial Surgeons,detailed,270190,9.7,Healthcare Practitioners and Technical
Orthodontists,detailed,239770,11.8,Healthcare Practitioners and Technical
"Dentists, All Other Specialists",detailed,195720,15.1,Healthcare Practitioners and Technical
Dietitians and Nutritionists,detailed,68520,0.9,Healthcare Practitioners and Technical
Optometrists,detailed,116260,2.9,Healthcare Practitioners and Technical
Pharmacists,detailed,118120,1.6,Healthcare Practitioners and Technical
Anesthesiologists,detailed,263530,8.7,Healthcare Practitioners and Technical
Family and General Practitioners,detailed,201160,3.6,Healthcare Practitioners and Technical
"Internists, General",detailed,196770,7.2,Healthcare Practitioners and Technical
Obstetricians and Gynecologists,detailed,222050,3.5,Healthcare Practitioners and Technical
"Pediatricians, General",detailed,176860,3,Healthcare Practitioners and Technical
Psychiatrists,detailed,208970,4.6,Healthcare Practitioners and Technical
Surgeons,detailed,260290,4,Healthcare Practitioners and Technical
"Physicians and Surgeons, All Other",detailed,179130,3.2,Healthcare Practitioners and Technical
Physician Assistants,detailed,115800,0.8,Healthcare Practitioners and Technical
Podiatrists,detailed,158280,5.9,Healthcare Practitioners and Technical
Occupational Therapists,detailed,95210,1.8,Healthcare Practitioners and Technical
Physical Therapists,detailed,92440,1.2,Healthcare Practitioners and Technical
Radiation Therapists,detailed,106220,1.6,Healthcare Practitioners and Technical
Recreational Therapists,detailed,56000,1.3,Healthcare Practitioners and Technical
Respiratory Therapists,detailed,77720,0.6,Healthcare Practitioners and Technical
Speech-Language Pathologists,detailed,93130,2.5,Healthcare Practitioners and Technical
Exercise Physiologists,detailed,65630,9.4,Healthcare Practitioners and Technical
"Therapists, All Other",detailed,74490,7.6,Healthcare Practitioners and Technical
Veterinarians,detailed,127200,4.1,Healthcare Practitioners and Technical
Registered Nurses,detailed,89400,0.8,Healthcare Practitioners and Technical
Nurse Anesthetists,detailed,185240,3.7,Healthcare Practitioners and Technical
Nurse Midwives,detailed,108390,2,Healthcare Practitioners and Technical
Nurse Practitioners,detailed,122850,2.5,Healthcare Practitioners and Technical
Audiologists,detailed,89140,2.6,Healthcare Practitioners and Technical
"Health Diagnosing and Treating Practitioners, All Other",detailed,83060,4,Healthcare Practitioners and Technical
Clinical Laboratory Technologists and Technicians,detailed,65410,1.1,Healthcare Practitioners and Technical
Dental Hygienists,detailed,86820,1.3,Healthcare Practitioners and Technical
Cardiovascular Technologists and Technicians,detailed,65140,1.3,Healthcare Practitioners and Technical
Diagnostic Medical Sonographers,detailed,75800,1.2,Healthcare Practitioners and Technical
Nuclear Medicine Technologists,detailed,90690,1.6,Healthcare Practitioners and Technical
Radiologic Technologists,detailed,71410,1.1,Healthcare Practitioners and Technical
Magnetic Resonance Imaging Technologists,detailed,82870,1.1,Healthcare Practitioners and Technical
Emergency Medical Technicians and Paramedics,detailed,43430,2.4,Healthcare Practitioners and Technical
Dietetic Technicians,detailed,42060,1.2,Healthcare Practitioners and Technical
Pharmacy Technicians,detailed,34450,2,Healthcare Practitioners and Technical
Psychiatric Technicians,detailed,45150,1.7,Healthcare Practitioners and Technical
Respiratory Therapy Technicians,detailed,63290,2.3,Healthcare Practitioners and Technical
Surgical Technologists,detailed,56190,1,Healthcare Practitioners and Technical
Veterinary Technologists and Technicians,detailed,42440,2.9,Healthcare Practitioners and Technical
Ophthalmic Medical Technicians,detailed,40990,2.7,Healthcare Practitioners and Technical
Licensed Practical and Licensed Vocational Nurses,detailed,54180,0.6,Healthcare Practitioners and Technical
Medical Records and Health Information Technicians,detailed,51180,1.5,Healthcare Practitioners and Technical
"Opticians, Dispensing",detailed,57060,3.5,Healthcare Practitioners and Technical
Orthotists and Prosthetists,detailed,82800,10,Healthcare Practitioners and Technical
Hearing Aid Specialists,detailed,65620,4.1,Healthcare Practitioners and Technical
"Health Technologists and Technicians, All Other",detailed,52990,2.3,Healthcare Practitioners and Technical
Occupational Health and Safety Specialists,detailed,80730,3.2,Healthcare Practitioners and Technical
Occupational Health and Safety Technicians,detailed,63030,2.7,Healthcare Practitioners and Technical
Athletic Trainers,detailed,54990,3.1,Healthcare Practitioners and Technical
Genetic Counselors,detailed,82910,1.3,Healthcare Practitioners and Technical
"Healthcare Practitioners and Technical Workers, All Other",detailed,82210,3,Healthcare Practitioners and Technical
Healthcare Support,major,30970,1.1,Major Group
Home Health Aides,detailed,24280,0.9,Healthcare Support
Psychiatric Aides,detailed,40090,1.8,Healthcare Support
Nursing Assistants,detailed,35190,0.6,Healthcare Support
Orderlies,detailed,33120,1,Healthcare Support
Occupational Therapy Assistants,detailed,66210,1.8,Healthcare Support
Occupational Therapy Aides,detailed,35470,6,Healthcare Support
Physical Therapist Assistants,detailed,62190,1.5,Healthcare Support
Physical Therapist Aides,detailed,27630,1.7,Healthcare Support
Massage Therapists,detailed,56270,4.5,Healthcare Support
Dental Assistants,detailed,39160,3.1,Healthcare Support
Medical Assistants,detailed,36630,0.9,Healthcare Support
Medical Equipment Preparers,detailed,41770,1.8,Healthcare Support
Medical Transcriptionists,detailed,43810,2.8,Healthcare Support
Pharmacy Aides,detailed,30450,4.1,Healthcare Support
Veterinary Assistants and Laboratory Animal Caretakers,detailed,31280,2.9,Healthcare Support
Phlebotomists,detailed,40950,1.2,Healthcare Support
"Healthcare Support Workers, All Other",detailed,37470,1.7,Healthcare Support
Protective Service,major,53210,3.2,Major Group
First-Line Supervisors of Correctional Officers,detailed,96390,1.9,Protective Service
First-Line Supervisors of Police and Detectives,detailed,119580,2,Protective Service
First-Line Supervisors of Fire Fighting and Prevention Workers,detailed,110780,1.6,Protective Service
"First-Line Supervisors of Protective Service Workers, All Other",detailed,64650,3.8,Protective Service
Firefighters,detailed,75700,2.4,Protective Service
Fire Inspectors and Investigators,detailed,55700,2.4,Protective Service
Forest Fire Inspectors and Prevention Specialists,detailed,0,*,Protective Service
Bailiffs,detailed,65360,2.7,Protective Service
Correctional Officers and Jailers,detailed,69180,1.8,Protective Service
Detectives and Criminal Investigators,detailed,95160,3.7,Protective Service
Fish and Game Wardens,detailed,62620,1.5,Protective Service
Parking Enforcement Workers,detailed,40900,2.5,Protective Service
Police and Sheriff's Patrol Officers,detailed,78360,2.8,Protective Service
Transit and Railroad Police,detailed,80710,3.7,Protective Service
Animal Control Workers,detailed,44630,4.7,Protective Service
Private Detectives and Investigators,detailed,63120,3,Protective Service
Gaming Surveillance Officers and Gaming Investigators,detailed,38510,10.9,Protective Service
Security Guards,detailed,33820,2.3,Protective Service
Crossing Guards,detailed,33910,1.7,Protective Service
"Lifeguards, Ski Patrol, and Other Recreational Protective Service Workers",detailed,26240,2,Protective Service
"Protective Service Workers, All Other",detailed,30960,2.7,Protective Service
Food Preparation and Serving Related,major,29000,0.8,Major Group
Chefs and Head Cooks,detailed,51090,6.6,Food Preparation and Serving Related
First-Line Supervisors of Food Preparation and Serving Workers,detailed,43060,1.4,Food Preparation and Serving Related
"Cooks, Fast Food",detailed,23230,2.3,Food Preparation and Serving Related
"Cooks, Institution and Cafeteria",detailed,34930,1,Food Preparation and Serving Related
"Cooks, Restaurant",detailed,29960,1.5,Food Preparation and Serving Related
"Cooks, Short Order",detailed,24480,2.9,Food Preparation and Serving Related
"Cooks, All Other",detailed,33230,5.5,Food Preparation and Serving Related
Food Preparation Workers,detailed,25900,2.4,Food Preparation and Serving Related
Bartenders,detailed,33290,2.3,Food Preparation and Serving Related
"Combined Food Preparation and Serving Workers, Including Fast Food",detailed,23400,0.7,Food Preparation and Serving Related
"Counter Attendants, Cafeteria, Food Concession, and Coffee Shop",detailed,23090,1.5,Food Preparation and Serving Related
Waiters and Waitresses,detailed,31190,2,Food Preparation and Serving Related
"Food Servers, Nonrestaurant",detailed,30410,1.3,Food Preparation and Serving Related
Dining Room and Cafeteria Attendants and Bartender Helpers,detailed,27060,2.6,Food Preparation and Serving Related
Dishwashers,detailed,25000,1.4,Food Preparation and Serving Related
"Hosts and Hostesses, Restaurant, Lounge, and Coffee Shop",detailed,26260,1.6,Food Preparation and Serving Related
"Food Preparation and Serving Related Workers, All Other",detailed,27730,2.8,Food Preparation and Serving Related
Building and Grounds Cleaning and Maintenance,major,35540,0.9,Major Group
First-Line Supervisors of Housekeeping and Janitorial Workers,detailed,54230,1.6,Building and Grounds Cleaning and Maintenance
"First-Line Supervisors of Landscaping, Lawn Service, and Groundskeeping Workers",detailed,58350,2.4,Building and Grounds Cleaning and Maintenance
"Janitors and Cleaners, Except Maids and Housekeeping Cleaners",detailed,34420,1.1,Building and Grounds Cleaning and Maintenance
Maids and Housekeeping Cleaners,detailed,34410,2,Building and Grounds Cleaning and Maintenance
"Building Cleaning Workers, All Other",detailed,39890,9.6,Building and Grounds Cleaning and Maintenance
Pest Control Workers,detailed,39710,3.9,Building and Grounds Cleaning and Maintenance
Landscaping and Groundskeeping Workers,detailed,33720,1.3,Building and Grounds Cleaning and Maintenance
"Pesticide Handlers, Sprayers, and Applicators, Vegetation",detailed,33870,5.1,Building and Grounds Cleaning and Maintenance
Tree Trimmers and Pruners,detailed,54930,2.9,Building and Grounds Cleaning and Maintenance
"Grounds Maintenance Workers, All Other",detailed,26930,5.1,Building and Grounds Cleaning and Maintenance
Personal Care and Service,major,32050,1.1,Major Group
First-Line Supervisors of Gaming Workers,detailed,52970,6.9,Personal Care and Service
First-Line Supervisors of Personal Service Workers,detailed,46620,1.7,Personal Care and Service
Animal Trainers,detailed,38130,6.4,Personal Care and Service
Nonfarm Animal Caretakers,detailed,28610,2,Personal Care and Service
Gaming and Sports Book Writers and Runners,detailed,34310,16,Personal Care and Service
Motion Picture Projectionists,detailed,34530,13.1,Personal Care and Service
"Ushers, Lobby Attendants, and Ticket Takers",detailed,25690,2,Personal Care and Service
Amusement and Recreation Attendants,detailed,24550,1.5,Personal Care and Service
Costume Attendants,detailed,63630,9.4,Personal Care and Service
"Locker Room, Coatroom, and Dressing Room Attendants",detailed,27290,2.3,Personal Care and Service
"Entertainment Attendants and Related Workers, All Other",detailed,31510,7.2,Personal Care and Service
Funeral Attendants,detailed,32430,5.2,Personal Care and Service
"Morticians, Undertakers, and Funeral Directors",detailed,64650,6.2,Personal Care and Service
Barbers,detailed,27900,6.9,Personal Care and Service
"Hairdressers, Hairstylists, and Cosmetologists",detailed,35790,4.5,Personal Care and Service
"Makeup Artists, Theatrical and Performance",detailed,75930,5.2,Personal Care and Service
Manicurists and Pedicurists,detailed,23420,2.4,Personal Care and Service
Shampooers,detailed,22160,2.7,Personal Care and Service
Skincare Specialists,detailed,38050,5.7,Personal Care and Service
Baggage Porters and Bellhops,detailed,31160,3.2,Personal Care and Service
Concierges,detailed,42400,3,Personal Care and Service
Tour and Travel Guides,detailed,36480,5.8,Personal Care and Service
Childcare Workers,detailed,28250,3.2,Personal Care and Service
Personal Care Aides,detailed,25890,0.8,Personal Care and Service
Fitness Trainers and Aerobics Instructors,detailed,63520,2.6,Personal Care and Service
Recreation Workers,detailed,32600,1.4,Personal Care and Service
Residential Advisors,detailed,35930,2.5,Personal Care and Service
"Personal Care and Service Workers, All Other",detailed,28610,4.4,Personal Care and Service
Sales and Related,major,53740,1.7,Major Group
First-Line Supervisors of Retail Sales Workers,detailed,51480,1.3,Sales and Related
First-Line Supervisors of Non-Retail Sales Workers,detailed,108790,2.1,Sales and Related
Cashiers,detailed,23740,1.8,Sales and Related
Gaming Change Persons and Booth Cashiers,detailed,37950,8.9,Sales and Related
Counter and Rental Clerks,detailed,30910,2.6,Sales and Related
Parts Salespersons,detailed,37640,2.4,Sales and Related
Retail Salespersons,detailed,27980,1.1,Sales and Related
Advertising Sales Agents,detailed,86190,2.2,Sales and Related
Insurance Sales Agents,detailed,86840,3.4,Sales and Related
"Securities, Commodities, and Financial Services Sales Agents",detailed,159720,2.9,Sales and Related
Travel Agents,detailed,41700,4.8,Sales and Related
"Sales Representatives, Services, All Other",detailed,79760,1.4,Sales and Related
"Sales Representatives, Wholesale and Manufacturing, Technical and Scientific Products",detailed,103870,3.5,Sales and Related
"Sales Representatives, Wholesale and Manufacturing, Except Technical and Scientific Products",detailed,75280,1.4,Sales and Related
Demonstrators and Product Promoters,detailed,34690,5.9,Sales and Related
Models,detailed,32090,10.3,Sales and Related
Real Estate Brokers,detailed,99300,10.9,Sales and Related
Real Estate Sales Agents,detailed,93570,5.2,Sales and Related
Sales Engineers,detailed,111330,2.6,Sales and Related
Telemarketers,detailed,28470,3.1,Sales and Related
"Door-to-Door Sales Workers, News and Street Vendors, and Related Workers",detailed,30520,11.9,Sales and Related
"Sales and Related Workers, All Other",detailed,49460,2.7,Sales and Related
Office and Administrative Support,major,43870,0.4,Major Group
First-Line Supervisors of Office and Administrative Support Workers,detailed,70290,0.7,Office and Administrative Support
"Switchboard Operators, Including Answering Service",detailed,38080,2,Office and Administrative Support
Telephone Operators,detailed,47730,4.7,Office and Administrative Support
"Communications Equipment Operators, All Other",detailed,52850,2.6,Office and Administrative Support
Bill and Account Collectors,detailed,47240,1.8,Office and Administrative Support
Billing and Posting Clerks,detailed,44110,0.9,Office and Administrative Support
"Bookkeeping, Accounting, and Auditing Clerks",detailed,46900,0.6,Office and Administrative Support
Gaming Cage Workers,detailed,32760,11.8,Office and Administrative Support
Payroll and Timekeeping Clerks,detailed,48900,1.2,Office and Administrative Support
Procurement Clerks,detailed,45690,1.4,Office and Administrative Support
Tellers,detailed,31140,0.9,Office and Administrative Support
"Financial Clerks, All Other",detailed,48870,3.4,Office and Administrative Support
Brokerage Clerks,detailed,62700,1.5,Office and Administrative Support
Correspondence Clerks,detailed,44870,2.1,Office and Administrative Support
"Court, Municipal, and License Clerks",detailed,59960,1,Office and Administrative Support
"Credit Authorizers, Checkers, and Clerks",detailed,46060,1.4,Office and Administrative Support
Customer Service Representatives,detailed,41750,0.7,Office and Administrative Support
"Eligibility Interviewers, Government Programs",detailed,0,*,Office and Administrative Support
File Clerks,detailed,33060,1.2,Office and Administrative Support
"Hotel, Motel, and Resort Desk Clerks",detailed,34180,3.2,Office and Administrative Support
"Interviewers, Except Eligibility and Loan",detailed,39550,1.4,Office and Administrative Support
"Library Assistants, Clerical",detailed,32300,2.1,Office and Administrative Support
Loan Interviewers and Clerks,detailed,43910,1.8,Office and Administrative Support
New Accounts Clerks,detailed,46030,6.1,Office and Administrative Support
Order Clerks,detailed,34910,2.6,Office and Administrative Support
"Human Resources Assistants, Except Payroll and Timekeeping",detailed,45080,1.3,Office and Administrative Support
Receptionists and Information Clerks,detailed,33760,0.7,Office and Administrative Support
Reservation and Transportation Ticket Agents and Travel Clerks,detailed,40630,3.4,Office and Administrative Support
"Information and Record Clerks, All Other",detailed,46020,2,Office and Administrative Support
Cargo and Freight Agents,detailed,46810,2.6,Office and Administrative Support
Couriers and Messengers,detailed,33740,4.5,Office and Administrative Support
"Police, Fire, and Ambulance Dispatchers",detailed,47480,1.5,Office and Administrative Support
"Dispatchers, Except Police, Fire, and Ambulance",detailed,48880,5.5,Office and Administrative Support
"Meter Readers, Utilities",detailed,0,*,Office and Administrative Support
Postal Service Clerks,detailed,52220,0.9,Office and Administrative Support
Postal Service Mail Carriers,detailed,50700,0.9,Office and Administrative Support
"Postal Service Mail Sorters, Processors, and Processing Machine Operators",detailed,50560,1.5,Office and Administrative Support
"Production, Planning, and Expediting Clerks",detailed,52440,0.8,Office and Administrative Support
"Shipping, Receiving, and Traffic Clerks",detailed,36090,1.1,Office and Administrative Support
Stock Clerks and Order Fillers,detailed,28020,0.7,Office and Administrative Support
"Weighers, Measurers, Checkers, and Samplers, Recordkeeping",detailed,35740,2.3,Office and Administrative Support
Executive Secretaries and Executive Administrative Assistants,detailed,71840,0.7,Office and Administrative Support
Legal Secretaries,detailed,57170,2.4,Office and Administrative Support
Medical Secretaries,detailed,43050,1.6,Office and Administrative Support
"Secretaries and Administrative Assistants, Except Legal, Medical, and Executive",detailed,41480,0.7,Office and Administrative Support
Computer Operators,detailed,45130,2.8,Office and Administrative Support
Data Entry Keyers,detailed,37960,1.2,Office and Administrative Support
Word Processors and Typists,detailed,45730,1.8,Office and Administrative Support
Desktop Publishers,detailed,56010,4.5,Office and Administrative Support
Insurance Claims and Policy Processing Clerks,detailed,49290,1.5,Office and Administrative Support
"Mail Clerks and Mail Machine Operators, Except Postal Service",detailed,34540,2.2,Office and Administrative Support
"Office Clerks, General",detailed,34690,0.6,Office and Administrative Support
"Office Machine Operators, Except Computer",detailed,34780,2.2,Office and Administrative Support
Proofreaders and Copy Markers,detailed,44830,3.1,Office and Administrative Support
Statistical Assistants,detailed,55410,3,Office and Administrative Support
"Office and Administrative Support Workers, All Other",detailed,38780,3.7,Office and Administrative Support
"Farming, Fishing, and Forestry",major,35600,2,Major Group
"First-Line Supervisors of Farming, Fishing, and Forestry Workers",detailed,54730,3.8,"Farming, Fishing, and Forestry"
Agricultural Inspectors,detailed,60670,1.8,"Farming, Fishing, and Forestry"
"Farmworkers and Laborers, Crop, Nursery, and Greenhouse",detailed,32540,3.8,"Farming, Fishing, and Forestry"
"Farmworkers, Farm, Ranch, and Aquacultural Animals",detailed,29350,5.8,"Farming, Fishing, and Forestry"
"Agricultural Workers, All Other",detailed,24910,20.5,"Farming, Fishing, and Forestry"
Forest and Conservation Workers,detailed,35710,3.9,"Farming, Fishing, and Forestry"
Construction and Extraction,major,67880,0.9,Major Group
First-Line Supervisors of Construction Trades and Extraction Workers,detailed,89670,1.1,Construction and Extraction
Boilermakers,detailed,64780,8.7,Construction and Extraction
Brickmasons and Blockmasons,detailed,76130,3.9,Construction and Extraction
Stonemasons,detailed,49200,12.3,Construction and Extraction
Carpenters,detailed,67690,1.5,Construction and Extraction
Carpet Installers,detailed,46050,13.1,Construction and Extraction
"Floor Layers, Except Carpet, Wood, and Hard Tiles",detailed,56310,11.3,Construction and Extraction
Floor Sanders and Finishers,detailed,34110,23.1,Construction and Extraction
Tile and Marble Setters,detailed,76830,7.4,Construction and Extraction
Cement Masons and Concrete Finishers,detailed,74960,2.4,Construction and Extraction
Construction Laborers,detailed,52910,1.5,Construction and Extraction
"Paving, Surfacing, and Tamping Equipment Operators",detailed,66060,12.7,Construction and Extraction
Pile-Driver Operators,detailed,0,*,Construction and Extraction
Operating Engineers and Other Construction Equipment Operators,detailed,85000,1.9,Construction and Extraction
Drywall and Ceiling Tile Installers,detailed,61350,7.6,Construction and Extraction
Tapers,detailed,63840,5.7,Construction and Extraction
Electricians,detailed,79600,2.8,Construction and Extraction
Glaziers,detailed,62050,4.5,Construction and Extraction
"Insulation Workers, Floor, Ceiling, and Wall",detailed,44600,8.9,Construction and Extraction
"Insulation Workers, Mechanical",detailed,103170,4.7,Construction and Extraction
"Painters, Construction and Maintenance",detailed,52490,4.5,Construction and Extraction
Paperhangers,detailed,54040,16,Construction and Extraction
Pipelayers,detailed,60120,6.9,Construction and Extraction
"Plumbers, Pipefitters, and Steamfitters",detailed,80240,2.5,Construction and Extraction
Plasterers and Stucco Masons,detailed,68950,10.5,Construction and Extraction
Reinforcing Iron and Rebar Workers,detailed,91110,4.2,Construction and Extraction
Roofers,detailed,68410,6.6,Construction and Extraction
Sheet Metal Workers,detailed,70080,7.1,Construction and Extraction
Structural Iron and Steel Workers,detailed,89910,3.2,Construction and Extraction
Solar Photovoltaic Installers,detailed,43730,2.9,Construction and Extraction
"Helpers--Brickmasons, Blockmasons, Stonemasons, and Tile and Marble Setters",detailed,43870,7.7,Construction and Extraction
Helpers--Carpenters,detailed,30710,5.5,Construction and Extraction
Helpers--Electricians,detailed,37240,3.9,Construction and Extraction
"Helpers--Painters, Paperhangers, Plasterers, and Stucco Masons",detailed,33090,12.5,Construction and Extraction
"Helpers--Pipelayers, Plumbers, Pipefitters, and Steamfitters",detailed,40180,3.7,Construction and Extraction
Helpers--Roofers,detailed,25440,12.4,Construction and Extraction
"Helpers, Construction Trades, All Other",detailed,33250,4.5,Construction and Extraction
Construction and Building Inspectors,detailed,69980,1.8,Construction and Extraction
Elevator Installers and Repairers,detailed,81070,3.8,Construction and Extraction
Fence Erectors,detailed,36280,13.2,Construction and Extraction
Hazardous Materials Removal Workers,detailed,65260,2.9,Construction and Extraction
Highway Maintenance Workers,detailed,49290,1.4,Construction and Extraction
Rail-Track Laying and Maintenance Equipment Operators,detailed,70230,4,Construction and Extraction
Septic Tank Servicers and Sewer Pipe Cleaners,detailed,47910,4.2,Construction and Extraction
Miscellaneous Construction and Related Workers,detailed,51510,13.9,Construction and Extraction
"Earth Drillers, Except Oil and Gas",detailed,69970,6.1,Construction and Extraction
"Explosives Workers, Ordnance Handling Experts, and Blasters",detailed,68700,9.4,Construction and Extraction
"Rock Splitters, Quarry",detailed,32360,11.5,Construction and Extraction
Helpers--Extraction Workers,detailed,35030,15.5,Construction and Extraction
"Installation, Maintenance, and Repair",major,54630,0.8,Major Group
"First-Line Supervisors of Mechanics, Installers, and Repairers",detailed,81450,0.8,"Installation, Maintenance, and Repair"
"Computer, Automated Teller, and Office Machine Repairers",detailed,45510,2.5,"Installation, Maintenance, and Repair"
"Radio, Cellular, and Tower Equipment Installers and Repairers",detailed,69800,4.3,"Installation, Maintenance, and Repair"
"Telecommunications Equipment Installers and Repairers, Except Line Installers",detailed,67480,2.1,"Installation, Maintenance, and Repair"
Avionics Technicians,detailed,66800,3.1,"Installation, Maintenance, and Repair"
"Electric Motor, Power Tool, and Related Repairers",detailed,50330,6.4,"Installation, Maintenance, and Repair"
"Electrical and Electronics Installers and Repairers, Transportation Equipment",detailed,66450,5.5,"Installation, Maintenance, and Repair"
"Electrical and Electronics Repairers, Commercial and Industrial Equipment",detailed,64750,2.3,"Installation, Maintenance, and Repair"
"Electrical and Electronics Repairers, Powerhouse, Substation, and Relay",detailed,79540,3.2,"Installation, Maintenance, and Repair"
"Electronic Equipment Installers and Repairers, Motor Vehicles",detailed,42590,6.4,"Installation, Maintenance, and Repair"
Electronic Home Entertainment Equipment Installers and Repairers,detailed,38470,6.2,"Installation, Maintenance, and Repair"
Security and Fire Alarm Systems Installers,detailed,51470,4.8,"Installation, Maintenance, and Repair"
Aircraft Mechanics and Service Technicians,detailed,67510,2,"Installation, Maintenance, and Repair"
Automotive Body and Related Repairers,detailed,48170,2.6,"Installation, Maintenance, and Repair"
Automotive Glass Installers and Repairers,detailed,34660,13.1,"Installation, Maintenance, and Repair"
Automotive Service Technicians and Mechanics,detailed,46760,2,"Installation, Maintenance, and Repair"
Bus and Truck Mechanics and Diesel Engine Specialists,detailed,58470,2.2,"Installation, Maintenance, and Repair"
Farm Equipment Mechanics and Service Technicians,detailed,51990,7.1,"Installation, Maintenance, and Repair"
"Mobile Heavy Equipment Mechanics, Except Engines",detailed,62460,2.6,"Installation, Maintenance, and Repair"
Rail Car Repairers,detailed,80210,4.7,"Installation, Maintenance, and Repair"
Motorboat Mechanics and Service Technicians,detailed,45570,6.5,"Installation, Maintenance, and Repair"
Motorcycle Mechanics,detailed,41390,2.7,"Installation, Maintenance, and Repair"
Outdoor Power Equipment and Other Small Engine Mechanics,detailed,43240,3.1,"Installation, Maintenance, and Repair"
Bicycle Repairers,detailed,34920,9.2,"Installation, Maintenance, and Repair"
Recreational Vehicle Service Technicians,detailed,39700,7.9,"Installation, Maintenance, and Repair"
Tire Repairers and Changers,detailed,27950,2.9,"Installation, Maintenance, and Repair"
Mechanical Door Repairers,detailed,46770,3.4,"Installation, Maintenance, and Repair"
"Control and Valve Installers and Repairers, Except Mechanical Door",detailed,74580,2.9,"Installation, Maintenance, and Repair"
"Heating, Air Conditioning, and Refrigeration Mechanics and Installers",detailed,61160,1.9,"Installation, Maintenance, and Repair"
Home Appliance Repairers,detailed,43530,6,"Installation, Maintenance, and Repair"
Industrial Machinery Mechanics,detailed,60000,1.3,"Installation, Maintenance, and Repair"
"Maintenance Workers, Machinery",detailed,53090,3.6,"Installation, Maintenance, and Repair"
Millwrights,detailed,72400,4.7,"Installation, Maintenance, and Repair"
Electrical Power-Line Installers and Repairers,detailed,81490,2,"Installation, Maintenance, and Repair"
Telecommunications Line Installers and Repairers,detailed,78040,2.5,"Installation, Maintenance, and Repair"
Camera and Photographic Equipment Repairers,detailed,46710,6.4,"Installation, Maintenance, and Repair"
Medical Equipment Repairers,detailed,62390,4.5,"Installation, Maintenance, and Repair"
Musical Instrument Repairers and Tuners,detailed,43830,5.9,"Installation, Maintenance, and Repair"
Watch Repairers,detailed,44300,5.7,"Installation, Maintenance, and Repair"
"Precision Instrument and Equipment Repairers, All Other",detailed,54340,5.6,"Installation, Maintenance, and Repair"
"Maintenance and Repair Workers, General",detailed,46840,1.1,"Installation, Maintenance, and Repair"
"Coin, Vending, and Amusement Machine Servicers and Repairers",detailed,44930,4.1,"Installation, Maintenance, and Repair"
Commercial Divers,detailed,114860,5.2,"Installation, Maintenance, and Repair"
Locksmiths and Safe Repairers,detailed,48060,4.8,"Installation, Maintenance, and Repair"
Riggers,detailed,70180,6.1,"Installation, Maintenance, and Repair"
Signal and Track Switch Repairers,detailed,71210,6.1,"Installation, Maintenance, and Repair"
"Helpers--Installation, Maintenance, and Repair Workers",detailed,34990,3.6,"Installation, Maintenance, and Repair"
"Installation, Maintenance, and Repair Workers, All Other",detailed,38960,2.9,"Installation, Maintenance, and Repair"
Production,major,39880,0.6,Major Group
First-Line Supervisors of Production and Operating Workers,detailed,71530,0.9,Production
"Aircraft Structure, Surfaces, Rigging, and Systems Assemblers",detailed,43320,6.6,Production
"Coil Winders, Tapers, and Finishers",detailed,36680,3.5,Production
"Electrical, Electronic, and Electromechanical Assemblers, Except Coil Winders, Tapers, and Finishers",detailed,35890,1.5,Production
Engine and Other Machine Assemblers,detailed,42100,5.4,Production
Structural Metal Fabricators and Fitters,detailed,49630,6.5,Production
Fiberglass Laminators and Fabricators,detailed,47090,8.9,Production
"Assemblers and Fabricators, All Other, Including Team Assemblers",detailed,31180,1.6,Production
Bakers,detailed,31070,2.2,Production
Butchers and Meat Cutters,detailed,38760,3.1,Production
"Meat, Poultry, and Fish Cutters and Trimmers",detailed,30610,8.4,Production
Slaughterers and Meat Packers,detailed,27320,7.1,Production
"Food and Tobacco Roasting, Baking, and Drying Machine Operators and Tenders",detailed,33210,5.1,Production
Food Batchmakers,detailed,27860,2.3,Production
Food Cooking Machine Operators and Tenders,detailed,27580,2.9,Production
"Food Processing Workers, All Other",detailed,27570,4.5,Production
"Computer-Controlled Machine Tool Operators, Metal and Plastic",detailed,43080,1.6,Production
"Computer Numerically Controlled Machine Tool Programmers, Metal and Plastic",detailed,63470,2.5,Production
"Extruding and Drawing Machine Setters, Operators, and Tenders, Metal and Plastic",detailed,36480,2,Production
"Forging Machine Setters, Operators, and Tenders, Metal and Plastic",detailed,39750,4.5,Production
"Rolling Machine Setters, Operators, and Tenders, Metal and Plastic",detailed,39150,4.3,Production
"Cutting, Punching, and Press Machine Setters, Operators, and Tenders, Metal and Plastic",detailed,34980,2.1,Production
"Drilling and Boring Machine Tool Setters, Operators, and Tenders, Metal and Plastic",detailed,33320,5,Production
"Grinding, Lapping, Polishing, and Buffing Machine Tool Setters, Operators, and Tenders, Metal and Plastic",detailed,35270,2,Production
"Lathe and Turning Machine Tool Setters, Operators, and Tenders, Metal and Plastic",detailed,41270,2.8,Production
"Milling and Planing Machine Setters, Operators, and Tenders, Metal and Plastic",detailed,47820,3.5,Production
Machinists,detailed,48060,2.6,Production
Metal-Refining Furnace Operators and Tenders,detailed,45890,5.2,Production
"Pourers and Casters, Metal",detailed,42320,5.7,Production
"Model Makers, Metal and Plastic",detailed,60660,10.1,Production
Foundry Mold and Coremakers,detailed,35130,10,Production
"Molding, Coremaking, and Casting Machine Setters, Operators, and Tenders, Metal and Plastic",detailed,35240,3.8,Production
"Multiple Machine Tool Setters, Operators, and Tenders, Metal and Plastic",detailed,34340,2.4,Production
Tool and Die Makers,detailed,57570,2,Production
"Welders, Cutters, Solderers, and Brazers",detailed,50540,2.3,Production
"Welding, Soldering, and Brazing Machine Setters, Operators, and Tenders",detailed,42330,4.8,Production
"Heat Treating Equipment Setters, Operators, and Tenders, Metal and Plastic",detailed,36190,5.2,Production
"Layout Workers, Metal and Plastic",detailed,47470,8.9,Production
"Plating and Coating Machine Setters, Operators, and Tenders, Metal and Plastic",detailed,35310,4.1,Production
"Tool Grinders, Filers, and Sharpeners",detailed,32320,10.6,Production
"Metal Workers and Plastic Workers, All Other",detailed,36970,6.3,Production
Prepress Technicians and Workers,detailed,51300,2.8,Production
Printing Press Operators,detailed,44810,2.3,Production
Print Binding and Finishing Workers,detailed,36680,4.3,Production
Laundry and Dry-Cleaning Workers,detailed,25210,1.6,Production
"Pressers, Textile, Garment, and Related Materials",detailed,24110,2.4,Production
Sewing Machine Operators,detailed,26980,3,Production
Shoe and Leather Workers and Repairers,detailed,26280,6,Production
"Sewers, Hand",detailed,25870,4.7,Production
"Tailors, Dressmakers, and Custom Sewers",detailed,0,*,Production
Textile Bleaching and Dyeing Machine Operators and Tenders,detailed,30660,4.5,Production
"Textile Cutting Machine Setters, Operators, and Tenders",detailed,34230,2.8,Production
"Textile Knitting and Weaving Machine Setters, Operators, and Tenders",detailed,27810,10.5,Production
"Textile Winding, Twisting, and Drawing Out Machine Setters, Operators, and Tenders",detailed,31990,4,Production
Fabric and Apparel Patternmakers,detailed,58530,8.5,Production
Upholsterers,detailed,43230,5.6,Production
"Textile, Apparel, and Furnishings Workers, All Other",detailed,37040,7.1,Production
Cabinetmakers and Bench Carpenters,detailed,43990,2.3,Production
Furniture Finishers,detailed,39470,3.3,Production
"Sawing Machine Setters, Operators, and Tenders, Wood",detailed,40100,8.7,Production
"Woodworking Machine Setters, Operators, and Tenders, Except Sawing",detailed,40050,4.8,Production
"Woodworkers, All Other",detailed,41310,12.4,Production
Power Distributors and Dispatchers,detailed,95140,2.3,Production
Power Plant Operators,detailed,82850,2.1,Production
Stationary Engineers and Boiler Operators,detailed,79780,2.2,Production
Water and Wastewater Treatment Plant and System Operators,detailed,62210,1.7,Production
Chemical Plant and System Operators,detailed,63620,8.6,Production
Gas Plant Operators,detailed,76730,3.6,Production
"Petroleum Pump System Operators, Refinery Operators, and Gaugers",detailed,73950,10.2,Production
"Plant and System Operators, All Other",detailed,65880,3.7,Production
Chemical Equipment Operators and Tenders,detailed,44410,2.4,Production
"Separating, Filtering, Clarifying, Precipitating, and Still Machine Setters, Operators, and Tenders",detailed,46670,5.5,Production
"Crushing, Grinding, and Polishing Machine Setters, Operators, and Tenders",detailed,35760,4.9,Production
"Grinding and Polishing Workers, Hand",detailed,40190,5.6,Production
"Mixing and Blending Machine Setters, Operators, and Tenders",detailed,42370,2.9,Production
"Cutters and Trimmers, Hand",detailed,34520,12.4,Production
"Cutting and Slicing Machine Setters, Operators, and Tenders",detailed,33350,2.6,Production
"Extruding, Forming, Pressing, and Compacting Machine Setters, Operators, and Tenders",detailed,32800,2.9,Production
"Furnace, Kiln, Oven, Drier, and Kettle Operators and Tenders",detailed,40720,2.8,Production
"Inspectors, Testers, Sorters, Samplers, and Weighers",detailed,42660,1.6,Production
Jewelers and Precious Stone and Metal Workers,detailed,49860,5.8,Production
Dental Laboratory Technicians,detailed,46980,6.1,Production
Medical Appliance Technicians,detailed,45210,7.3,Production
Ophthalmic Laboratory Technicians,detailed,38700,3.3,Production
Packaging and Filling Machine Operators and Tenders,detailed,29460,1.6,Production
"Coating, Painting, and Spraying Machine Setters, Operators, and Tenders",detailed,37900,4.4,Production
"Painters, Transportation Equipment",detailed,48920,3,Production
"Painting, Coating, and Decorating Workers",detailed,31800,3.4,Production
Photographic Process Workers and Processing Machine Operators,detailed,41770,6.4,Production
Adhesive Bonding Machine Operators and Tenders,detailed,35010,5.5,Production
"Cleaning, Washing, and Metal Pickling Equipment Operators and Tenders",detailed,33060,3.5,Production
Cooling and Freezing Equipment Operators and Tenders,detailed,35300,8.2,Production
Etchers and Engravers,detailed,35670,10.6,Production
"Molders, Shapers, and Casters, Except Metal and Plastic",detailed,40980,2.5,Production
"Paper Goods Machine Setters, Operators, and Tenders",detailed,31500,2.4,Production
Tire Builders,detailed,27020,3.7,Production
Helpers--Production Workers,detailed,28600,1.7,Production
"Production Workers, All Other",detailed,33170,3.7,Production
Transportation and Material Moving,major,41060,2.5,Major Group
Aircraft Cargo Handling Supervisors,detailed,49880,4.7,Transportation and Material Moving
"First-Line Supervisors of Transportation and Material Moving Workers, Except Aircraft Cargo Handling Supervisors",detailed,61880,1.2,Transportation and Material Moving
"Airline Pilots, Copilots, and Flight Engineers",detailed,154640,15.8,Transportation and Material Moving
Commercial Pilots,detailed,95750,5.5,Transportation and Material Moving
Air Traffic Controllers,detailed,137400,3,Transportation and Material Moving
Airfield Operations Specialists,detailed,61500,3,Transportation and Material Moving
Flight Attendants,detailed,44860,6.6,Transportation and Material Moving
"Ambulance Drivers and Attendants, Except Emergency Medical Technicians",detailed,34480,4.8,Transportation and Material Moving
"Bus Drivers, Transit and Intercity",detailed,57570,4.7,Transportation and Material Moving
"Bus Drivers, School or Special Client",detailed,40590,1.5,Transportation and Material Moving
Driver/Sales Workers,detailed,28860,3.1,Transportation and Material Moving
Heavy and Tractor-Trailer Truck Drivers,detailed,50910,1.3,Transportation and Material Moving
Light Truck or Delivery Services Drivers,detailed,38570,1.9,Transportation and Material Moving
Taxi Drivers and Chauffeurs,detailed,34090,2.6,Transportation and Material Moving
"Motor Vehicle Operators, All Other",detailed,35720,3.1,Transportation and Material Moving
Railroad Conductors and Yardmasters,detailed,56180,3.4,Transportation and Material Moving
Subway and Streetcar Operators,detailed,72140,5.2,Transportation and Material Moving
Sailors and Marine Oilers,detailed,47170,5.2,Transportation and Material Moving
"Captains, Mates, and Pilots of Water Vessels",detailed,89440,5.1,Transportation and Material Moving
Motorboat Operators,detailed,48350,3.8,Transportation and Material Moving
Ship Engineers,detailed,93770,4.1,Transportation and Material Moving
Bridge and Lock Tenders,detailed,45430,2,Transportation and Material Moving
Parking Lot Attendants,detailed,24040,1,Transportation and Material Moving
Automotive and Watercraft Service Attendants,detailed,22440,1.4,Transportation and Material Moving
Traffic Technicians,detailed,55570,6.3,Transportation and Material Moving
Transportation Inspectors,detailed,69670,4.1,Transportation and Material Moving
"Transportation Attendants, Except Flight Attendants",detailed,28920,5.5,Transportation and Material Moving
"Transportation Workers, All Other",detailed,44890,6.3,Transportation and Material Moving
Conveyor Operators and Tenders,detailed,38040,8.3,Transportation and Material Moving
Crane and Tower Operators,detailed,103730,6.9,Transportation and Material Moving
Excavating and Loading Machine and Dragline Operators,detailed,64490,5.3,Transportation and Material Moving
Industrial Truck and Tractor Operators,detailed,39050,1.6,Transportation and Material Moving
Cleaners of Vehicles and Equipment,detailed,31400,11.5,Transportation and Material Moving
"Laborers and Freight, Stock, and Material Movers, Hand",detailed,30920,1,Transportation and Material Moving
Machine Feeders and Offbearers,detailed,29720,2.9,Transportation and Material Moving
"Packers and Packagers, Hand",detailed,24990,1.1,Transportation and Material Moving
Gas Compressor and Gas Pumping Station Operators,detailed,55350,11.6,Transportation and Material Moving
"Pump Operators, Except Wellhead Pumpers",detailed,45270,3.7,Transportation and Material Moving
Refuse and Recyclable Material Collectors,detailed,56300,3.6,Transportation and Material Moving
"Tank Car, Truck, and Ship Loaders",detailed,57190,7.4,Transportation and Material Moving
"Material Moving Workers, All Other",detailed,53160,4.1,Transportation and Material Moving